gbifID	datasetKey	occurrenceID	kingdom	phylum	class	order	family	genus	species	infraspecificEpithet	taxonRank	scientificName	verbatimScientificName	verbatimScientificNameAuthorship	countryCode	locality	stateProvince	occurrenceStatus	individualCount	publishingOrgKey	decimalLatitude	decimalLongitude	coordinateUncertaintyInMeters	coordinatePrecision	elevation	elevationAccuracy	depth	depthAccuracy	eventDate	day	month	year	taxonKey	speciesKey	basisOfRecord	institutionCode	collectionCode	catalogNumber	recordNumber	identifiedBy	dateIdentified	license	rightsHolder	recordedBy	typeStatus	establishmentMeans	lastInterpreted	mediaType	issue
3042306649	33b4ca40-0a46-4fa7-8ed4-4f51d1e3304c	urn:catalog:UNSM:Mammals:31000	Animalia	Chordata	Mammalia	Carnivora	Felidae	Panthera	Panthera tigris	altaica	SUBSPECIES	Panthera tigris altaica Temminck, 1844	Panthera tigris altaica		US	in Omaha, Henry Doorly Zoo	Nebraska	PRESENT		9b049850-d958-11da-9047-b8a03c50a862									2015-05-05T00:00:00	5	5	2015	5219420	5219416	PRESERVED_SPECIMEN	UNSM	Mammals	31000		Henry Doorly Zoo		CC0_1_0		Henry Doorly Zoo		MANAGED	2021-02-24T21:47:28.400Z		INSTITUTION_COLLECTION_MISMATCH
3042303885	33b4ca40-0a46-4fa7-8ed4-4f51d1e3304c	urn:catalog:UNSM:Mammals:16656	Animalia	Chordata	Mammalia	Carnivora	Felidae	Panthera	Panthera tigris	altaica	SUBSPECIES	Panthera tigris altaica Temminck, 1844	Panthera tigris altaica		US	in Omaha, Henry Doorly Zoo	Nebraska	PRESENT		9b049850-d958-11da-9047-b8a03c50a862									1987-06-01T00:00:00		6	1987	5219420	5219416	PRESERVED_SPECIMEN	UNSM	Mammals	16656		Henry Doorly Zoo		CC0_1_0		Henry Doorly Zoo | Preparator: Messenger, C.L.		NATIVE	2021-02-24T21:47:28.056Z		INSTITUTION_COLLECTION_MISMATCH
3025773412	8138eb72-f762-11e1-a439-00145eb45e9a	https://darwin.naturalsciences.be/uri/object/cd99d05d-dd29-415a-bc38-f50b1dcfacb2	Animalia	Chordata	Mammalia	Carnivora	Felidae	Panthera	Panthera tigris	altaica	SUBSPECIES	Panthera tigris altaica Temminck, 1844	Panthera tigris altaica Temminck, 1844		BE			PRESENT		e88c96a3-5884-4e51-a580-e417ca4c9eed									2015-09-01T00:00:00	1	9	2015	5219420	5219416	PRESERVED_SPECIMEN	RBINS-Scientific Heritage	urn:catalog:RBINS:mam	42439		Société Royale de Zool. d'Anvers		CC_BY_NC_4_0	Royal Belgian Institute of Natural Sciences	Zoo d'Anvers			2021-01-26T11:17:37.727Z		TYPE_STATUS_INVALID;INSTITUTION_MATCH_NONE;COLLECTION_MATCH_NONE
3024382087	8581f44d-7373-4138-9a3f-7d7508047419	https://darwin.naturalsciences.be/uri/object/cd99d05d-dd29-415a-bc38-f50b1dcfacb2	Animalia	Chordata	Mammalia	Carnivora	Felidae	Panthera	Panthera tigris	altaica	SUBSPECIES	Panthera tigris altaica Temminck, 1844	Panthera tigris altaica Temminck, 1844		BE			PRESENT		e88c96a3-5884-4e51-a580-e417ca4c9eed									2015-09-01T00:00:00	1	9	2015	5219420	5219416	PRESERVED_SPECIMEN	RBINS-Scientific Heritage	urn:catalog:RBINS:mam	42439		Société Royale de Zool. d'Anvers		CC_BY_NC_4_0	Royal Belgian Institute of Natural Sciences	Zoo d'Anvers			2021-01-25T14:04:06.685Z		TYPE_STATUS_INVALID;INSTITUTION_MATCH_NONE;COLLECTION_MATCH_NONE
3005118134	50c9509d-22c7-4a22-a47d-8c48425ef4a7	https://www.inaturalist.org/observations/66699571	Animalia	Chordata	Mammalia	Carnivora	Felidae	Panthera	Panthera tigris	altaica	SUBSPECIES	Panthera tigris altaica Temminck, 1844	Panthera tigris altaica		RU		Primor'ye	PRESENT		28eb1a3f-1c15-4a95-931a-4af90ecb574d	43.438399	131.422279	27474.0						2015-06-25T10:18:00	25	6	2015	5219420	5219416	HUMAN_OBSERVATION	iNaturalist	Observations	66699571		Светлана Мещерягина	2020-12-17T16:09:51	CC_BY_NC_4_0	Светлана Мещерягина	Светлана Мещерягина			2021-03-03T13:21:07.178Z	Sound;StillImage	COORDINATE_ROUNDED;GEODETIC_DATUM_ASSUMED_WGS84;INSTITUTION_MATCH_NONE;COLLECTION_MATCH_NONE
3003661016	d3c28e6c-1192-4ef4-a38a-df790df16dc3	1230817	Animalia	Chordata	Mammalia	Carnivora	Felidae	Panthera	Panthera tigris	altaica	SUBSPECIES	Panthera tigris altaica Temminck, 1844	Panthera tigris subsp. altaica Temminck, 1844			Tallinn Zoo		PRESENT		676782cc-e81e-47ce-9504-34ea45395eb6									2010-01-11T00:00:00	11	1	2010	5219420	5219416	PRESERVED_SPECIMEN	TAM	TAMZ	TAMZ0223029				CC_BY_4_0					2020-12-22T15:24:13.403Z		COUNTRY_INVALID
2859656301	f440262c-1d2c-11e2-8fd4-00145eb45e9a		Animalia	Chordata	Mammalia	Carnivora	Felidae	Panthera	Panthera tigris	altaica	SUBSPECIES	Panthera tigris altaica Temminck, 1844	Panthera tigris altaica Temminck, 1844		DE	Tierpark Grimmen		PRESENT		c76cf030-2a95-11da-9cc1-b8a03c50a862									2008-01-01T00:00:00			2008	5219420	5219416	PRESERVED_SPECIMEN	ZSRO	Collection Mammalogie	1162-Ma-2020				CC_BY_4_0					2021-03-03T10:23:07.191Z		INSTITUTION_MATCH_NONE;COLLECTION_MATCH_NONE
2826212587	50c9509d-22c7-4a22-a47d-8c48425ef4a7	https://www.inaturalist.org/observations/51551526	Animalia	Chordata	Mammalia	Carnivora	Felidae	Panthera	Panthera tigris	altaica	SUBSPECIES	Panthera tigris altaica Temminck, 1844	Panthera tigris altaica		RU		Primor'ye	PRESENT		28eb1a3f-1c15-4a95-931a-4af90ecb574d	42.989818	132.890286	33657.0						2020-06-30T00:00:00	30	6	2020	5219420	5219416	HUMAN_OBSERVATION	iNaturalist	Observations	51551526		Елена Голованова	2020-07-01T04:57:58	CC_BY_NC_4_0	Елена Голованова	Елена Голованова			2021-03-03T12:50:32.013Z	StillImage	COORDINATE_ROUNDED;GEODETIC_DATUM_ASSUMED_WGS84;INSTITUTION_MATCH_NONE;COLLECTION_MATCH_NONE
2640783323	cd6e383d-33a0-4c8c-b91c-ede5a41b61e8	2018.21.1	Animalia	Chordata	Mammalia	Carnivora	Felidae	Panthera	Panthera tigris	altaica	SUBSPECIES	Panthera tigris altaica Temminck, 1844	Panthera tigris altaica, Temminck, 1844		FR	Zoo de Besançon		PRESENT	1	32b45fb7-1992-4f30-95c8-1604a38a57fa	47.231388	6.0325							2010-10-27T00:00:00	27	10	2010	5219420	5219416	PRESERVED_SPECIMEN	BOUM	Muséum de Bourges - Musée Gabriel Foucher	2018.21.1		Besson, Ludovic		CC0_1_0		Zoo de Besançon			2020-12-15T17:25:22.057Z	StillImage	GEODETIC_DATUM_ASSUMED_WGS84;OCCURRENCE_STATUS_INFERRED_FROM_INDIVIDUAL_COUNT;COLLECTION_MATCH_NONE;INSTITUTION_MATCH_FUZZY
2640783308	cd6e383d-33a0-4c8c-b91c-ede5a41b61e8	2020.10.1-tax	Animalia	Chordata	Mammalia	Carnivora	Felidae	Panthera	Panthera tigris	altaica	SUBSPECIES	Panthera tigris altaica Temminck, 1844	Panthera tigris altaica, Temminck, 1844		FR	Zoo de Besançon		PRESENT	1	32b45fb7-1992-4f30-95c8-1604a38a57fa	47.231388	6.0325							2013-02-04T00:00:00	4	2	2013	5219420	5219416	PRESERVED_SPECIMEN	BOUM	Muséum de Bourges - Musée Gabriel Foucher	2020.10.1-tax		Besson, Ludovic		CC0_1_0		Zoo de Besançon			2020-12-15T17:25:21.942Z	StillImage	GEODETIC_DATUM_ASSUMED_WGS84;RECORDED_DATE_INVALID;OCCURRENCE_STATUS_INFERRED_FROM_INDIVIDUAL_COUNT;COLLECTION_MATCH_NONE;INSTITUTION_MATCH_FUZZY
2580322266	50c9509d-22c7-4a22-a47d-8c48425ef4a7	https://www.inaturalist.org/observations/40269222	Animalia	Chordata	Mammalia	Carnivora	Felidae	Panthera	Panthera tigris	altaica	SUBSPECIES	Panthera tigris altaica Temminck, 1844	Panthera tigris altaica		RU		Primor'ye	PRESENT		28eb1a3f-1c15-4a95-931a-4af90ecb574d	46.653421	135.844293	26967.0						2020-03-02T15:19:00	2	3	2020	5219420	5219416	HUMAN_OBSERVATION	iNaturalist	Observations	40269222		Prineet Anand	2020-03-20T00:59:39	CC_BY_NC_4_0	alekseyfaraway	alekseyfaraway			2021-03-03T12:49:48.455Z	StillImage	COORDINATE_ROUNDED;GEODETIC_DATUM_ASSUMED_WGS84;INSTITUTION_MATCH_NONE;COLLECTION_MATCH_NONE
2570365755	a307e4d7-1de2-4adc-95d5-a0a8d5f57236	NMR999000003208	Animalia	Chordata	Mammalia	Carnivora	Felidae	Panthera	Panthera tigris	altaica	SUBSPECIES	Panthera tigris altaica Temminck, 1844	Panthera tigris altaica  Temminck, 1844			locality not ascertained		PRESENT	1	3ead5cf3-2840-482e-bbd9-76380825be63													5219420	5219416	PRESERVED_SPECIMEN	NMR	NMR Collection	NMR999000003208		G.Th. de Vries		CC_BY_4_0	Natural History Museum Rotterdam				2021-02-16T16:08:02.342Z		
2570364410	a307e4d7-1de2-4adc-95d5-a0a8d5f57236	NMR999000003211	Animalia	Chordata	Mammalia	Carnivora	Felidae	Panthera	Panthera tigris	altaica	SUBSPECIES	Panthera tigris altaica Temminck, 1844	Panthera tigris altaica  Temminck, 1844			locality not ascertained		PRESENT	1	3ead5cf3-2840-482e-bbd9-76380825be63													5219420	5219416	PRESERVED_SPECIMEN	NMR	NMR Collection	NMR999000003211		G.Th. de Vries		CC_BY_4_0	Natural History Museum Rotterdam				2021-02-16T16:07:52.199Z		
2570364370	a307e4d7-1de2-4adc-95d5-a0a8d5f57236	NMR999000003207	Animalia	Chordata	Mammalia	Carnivora	Felidae	Panthera	Panthera tigris	altaica	SUBSPECIES	Panthera tigris altaica Temminck, 1844	Panthera tigris altaica  Temminck, 1844			locality not ascertained		PRESENT	1	3ead5cf3-2840-482e-bbd9-76380825be63													5219420	5219416	PRESERVED_SPECIMEN	NMR	NMR Collection	NMR999000003207		G.Th. de Vries		CC_BY_4_0	Natural History Museum Rotterdam				2021-02-16T16:08:02.351Z		
2570360933	a307e4d7-1de2-4adc-95d5-a0a8d5f57236	NMR999000001216	Animalia	Chordata	Mammalia	Carnivora	Felidae	Panthera	Panthera tigris	altaica	SUBSPECIES	Panthera tigris altaica Temminck, 1844	Panthera tigris altaica  Temminck, 1844			locality not ascertained		PRESENT	1	3ead5cf3-2840-482e-bbd9-76380825be63													5219420	5219416	PRESERVED_SPECIMEN	NMR	NMR Collection	NMR999000001216				CC_BY_4_0	Natural History Museum Rotterdam				2021-02-16T16:07:52.627Z		
2432559901	009a76f6-0960-4a56-a116-63991e6bb037	https://data.biodiversitydata.nl/naturalis/specimen/RMNH.MAM.60134	Animalia	Chordata	Mammalia	Carnivora	Felidae	Panthera	Panthera tigris	altaica	SUBSPECIES	Panthera tigris altaica Temminck, 1844	Panthera tigris altaica Temminck, 1844	Temminck, 1844				PRESENT	1	396d5f30-dea9-11db-8ab4-b8a03c50a862													5219420	5219416	PRESERVED_SPECIMEN		Mammalia	RMNH.MAM.60134				CC0_1_0	Naturalis Biodiversity Center				2021-02-27T00:11:51.692Z	StillImage	OCCURRENCE_STATUS_INFERRED_FROM_INDIVIDUAL_COUNT;AMBIGUOUS_COLLECTION;INSTITUTION_MATCH_NONE
2432550710	009a76f6-0960-4a56-a116-63991e6bb037	https://data.biodiversitydata.nl/naturalis/specimen/RMNH.MAM.19925	Animalia	Chordata	Mammalia	Carnivora	Felidae	Panthera	Panthera tigris	altaica	SUBSPECIES	Panthera tigris altaica Temminck, 1844	Panthera tigris altaica Temminck, 1844	Temminck, 1844		Leipzig		PRESENT	1	396d5f30-dea9-11db-8ab4-b8a03c50a862													5219420	5219416	PRESERVED_SPECIMEN		Mammalia	RMNH.MAM.19925				CC0_1_0	Naturalis Biodiversity Center				2021-02-27T00:11:49.271Z		OCCURRENCE_STATUS_INFERRED_FROM_INDIVIDUAL_COUNT;AMBIGUOUS_COLLECTION;INSTITUTION_MATCH_NONE
2432543197	009a76f6-0960-4a56-a116-63991e6bb037	https://data.biodiversitydata.nl/naturalis/specimen/ZMA.MAM.29443	Animalia	Chordata	Mammalia	Carnivora	Felidae	Panthera	Panthera tigris	altaica	SUBSPECIES	Panthera tigris altaica Temminck, 1844	Panthera tigris altaica Temminck, 1844	Temminck, 1844				PRESENT	1	396d5f30-dea9-11db-8ab4-b8a03c50a862													5219420	5219416	PRESERVED_SPECIMEN		Mammalia	ZMA.MAM.29443				CC0_1_0	Naturalis Biodiversity Center				2021-02-27T00:11:52.692Z		OCCURRENCE_STATUS_INFERRED_FROM_INDIVIDUAL_COUNT;AMBIGUOUS_COLLECTION;INSTITUTION_MATCH_NONE
2432543064	009a76f6-0960-4a56-a116-63991e6bb037	https://data.biodiversitydata.nl/naturalis/specimen/ZMA.MAM.22996	Animalia	Chordata	Mammalia	Carnivora	Felidae	Panthera	Panthera tigris	altaica	SUBSPECIES	Panthera tigris altaica Temminck, 1844	Panthera tigris altaica Temminck, 1844	Temminck, 1844				PRESENT	1	396d5f30-dea9-11db-8ab4-b8a03c50a862									1986-07-31T00:00:00	31	7	1986	5219420	5219416	PRESERVED_SPECIMEN		Mammalia	ZMA.MAM.22996				CC0_1_0	Naturalis Biodiversity Center				2021-02-27T00:11:49.708Z		OCCURRENCE_STATUS_INFERRED_FROM_INDIVIDUAL_COUNT;AMBIGUOUS_COLLECTION;INSTITUTION_MATCH_NONE
2432521190	009a76f6-0960-4a56-a116-63991e6bb037	https://data.biodiversitydata.nl/naturalis/specimen/RMNH.MAM.45108	Animalia	Chordata	Mammalia	Carnivora	Felidae	Panthera	Panthera tigris	altaica	SUBSPECIES	Panthera tigris altaica Temminck, 1844	Panthera tigris altaica Temminck, 1844	Temminck, 1844		omgeving Wladivostok	N.O. Azie	PRESENT	1	396d5f30-dea9-11db-8ab4-b8a03c50a862													5219420	5219416	PRESERVED_SPECIMEN		Mammalia	RMNH.MAM.45108				CC0_1_0	Naturalis Biodiversity Center				2021-02-27T00:11:48.731Z		OCCURRENCE_STATUS_INFERRED_FROM_INDIVIDUAL_COUNT;AMBIGUOUS_COLLECTION;INSTITUTION_MATCH_NONE
2432516164	009a76f6-0960-4a56-a116-63991e6bb037	https://data.biodiversitydata.nl/naturalis/specimen/ZMA.MAM.25267	Animalia	Chordata	Mammalia	Carnivora	Felidae	Panthera	Panthera tigris	altaica	SUBSPECIES	Panthera tigris altaica Temminck, 1844	Panthera tigris altaica Temminck, 1844	Temminck, 1844		ex captivity		PRESENT	1	396d5f30-dea9-11db-8ab4-b8a03c50a862													5219420	5219416	PRESERVED_SPECIMEN		Mammalia	ZMA.MAM.25267				CC0_1_0	Naturalis Biodiversity Center				2021-02-27T00:11:48.752Z		OCCURRENCE_STATUS_INFERRED_FROM_INDIVIDUAL_COUNT;AMBIGUOUS_COLLECTION;INSTITUTION_MATCH_NONE
2432514220	009a76f6-0960-4a56-a116-63991e6bb037	https://data.biodiversitydata.nl/naturalis/specimen/ZMA.MAM.30077	Animalia	Chordata	Mammalia	Carnivora	Felidae	Panthera	Panthera tigris	altaica	SUBSPECIES	Panthera tigris altaica Temminck, 1844	Panthera tigris altaica Temminck, 1844	Temminck, 1844				PRESENT	1	396d5f30-dea9-11db-8ab4-b8a03c50a862													5219420	5219416	PRESERVED_SPECIMEN		Mammalia	ZMA.MAM.30077				CC0_1_0	Naturalis Biodiversity Center				2021-02-27T00:11:51.196Z	StillImage	OCCURRENCE_STATUS_INFERRED_FROM_INDIVIDUAL_COUNT;AMBIGUOUS_COLLECTION;INSTITUTION_MATCH_NONE
2432512082	009a76f6-0960-4a56-a116-63991e6bb037	https://data.biodiversitydata.nl/naturalis/specimen/ZMA.MAM.24218	Animalia	Chordata	Mammalia	Carnivora	Felidae	Panthera	Panthera tigris	altaica	SUBSPECIES	Panthera tigris altaica Temminck, 1844	Panthera tigris altaica Temminck, 1844	Temminck, 1844				PRESENT	1	396d5f30-dea9-11db-8ab4-b8a03c50a862									1965-08-29T00:00:00	29	8	1965	5219420	5219416	PRESERVED_SPECIMEN		Mammalia	ZMA.MAM.24218				CC0_1_0	Naturalis Biodiversity Center	Mazak V.			2021-02-27T00:11:52.762Z		OCCURRENCE_STATUS_INFERRED_FROM_INDIVIDUAL_COUNT;AMBIGUOUS_COLLECTION;INSTITUTION_MATCH_NONE
2309501945	ad43e954-dd79-4986-ae34-9ccdbd8bf568	FM179471	Animalia	Chordata	Mammalia	Carnivora	Felidae	Panthera	Panthera tigris	altaica	SUBSPECIES	Panthera tigris altaica Temminck, 1844	Panthera tigris altaica		IN	India:Himalaya,		PRESENT		ada9d123-ddb4-467d-8891-806ea8d94230	29.24	79.28							2004-10-12T00:00:00	12	10	2004	5219420	5219416	MATERIAL_SAMPLE							CC_BY_4_0		Nagappa K			2020-12-15T22:26:02.510Z		GEODETIC_DATUM_ASSUMED_WGS84;COUNTRY_DERIVED_FROM_COORDINATES
1883747127	41fc5c40-5e81-496f-9733-6b5681b3b7a5	b43eaca6-5f02-4015-be40-b12672ec19fc	Animalia	Chordata	Mammalia	Carnivora	Felidae	Panthera	Panthera tigris	altaica	SUBSPECIES	Panthera tigris altaica Temminck, 1844	Panthera tigris altaica		ZZ			PRESENT		7b8aff00-a9f8-11d8-944b-b8a03c50a862									1973-05-16T00:00:00	16	5	1973	5219420	5219416	PRESERVED_SPECIMEN	FMNH	Mammals	60126				CC0_1_0	The Field Museum of Natural History				2021-01-22T17:15:54.643Z		INSTITUTION_MATCH_FUZZY;COLLECTION_MATCH_FUZZY
1883746775	41fc5c40-5e81-496f-9733-6b5681b3b7a5	94afe942-a313-4788-82a4-e0c4dd01549f	Animalia	Chordata	Mammalia	Carnivora	Felidae	Panthera	Panthera tigris	altaica	SUBSPECIES	Panthera tigris altaica Temminck, 1844	Panthera tigris altaica		ZZ			PRESENT		7b8aff00-a9f8-11d8-944b-b8a03c50a862									1944-10-01T00:00:00		10	1944	5219420	5219416	PRESERVED_SPECIMEN	FMNH	Mammals	53987				CC0_1_0	The Field Museum of Natural History				2021-01-22T17:15:54.963Z		INSTITUTION_MATCH_FUZZY;COLLECTION_MATCH_FUZZY
1883745506	41fc5c40-5e81-496f-9733-6b5681b3b7a5	24e67258-4983-4083-9ddc-ce562738ea92	Animalia	Chordata	Mammalia	Carnivora	Felidae	Panthera	Panthera tigris	altaica	SUBSPECIES	Panthera tigris altaica Temminck, 1844	Panthera tigris altaica		ZZ			PRESENT		7b8aff00-a9f8-11d8-944b-b8a03c50a862									1944-10-01T00:00:00		10	1944	5219420	5219416	PRESERVED_SPECIMEN	FMNH	Mammals	53988				CC0_1_0	The Field Museum of Natural History				2021-01-22T17:15:56.058Z		INSTITUTION_MATCH_FUZZY;COLLECTION_MATCH_FUZZY
1851312622	7b9e97de-f762-11e1-a439-00145eb45e9a	http://id.snsb.info/snsb/collection/180720/213716/154909	Animalia	Chordata	Mammalia	Carnivora	Felidae	Panthera	Panthera tigris	altaica	SUBSPECIES	Panthera tigris altaica Temminck, 1844	Panthera tigris altaica Temminck, 1844		DE	Deutschland [Tiergarten]		PRESENT		0674aea0-a7e1-11d8-9534-b8a03c50a862									1980-01-01T00:00:00			1980	5219420	5219416	PRESERVED_SPECIMEN	SNSB-SAPM	SAPMmammaliacoll	SAPM-MA-02791 / 213716 / 154909				CC_BY_4_0					2021-01-25T14:06:44.160Z		INSTITUTION_MATCH_NONE;COLLECTION_MATCH_NONE
1851312619	7b9e97de-f762-11e1-a439-00145eb45e9a	http://id.snsb.info/snsb/collection/180722/213718/154911	Animalia	Chordata	Mammalia	Carnivora	Felidae	Panthera	Panthera tigris	altaica	SUBSPECIES	Panthera tigris altaica Temminck, 1844	Panthera tigris altaica Temminck, 1844		DE	Deutschland [Tiergarten]		PRESENT		0674aea0-a7e1-11d8-9534-b8a03c50a862									1985-01-01T00:00:00			1985	5219420	5219416	PRESERVED_SPECIMEN	SNSB-SAPM	SAPMmammaliacoll	SAPM-MA-02793 / 213718 / 154911				CC_BY_4_0					2021-01-25T14:06:44.154Z		INSTITUTION_MATCH_NONE;COLLECTION_MATCH_NONE
1851312533	7b9e97de-f762-11e1-a439-00145eb45e9a	http://id.snsb.info/snsb/collection/180723/213719/154912	Animalia	Chordata	Mammalia	Carnivora	Felidae	Panthera	Panthera tigris	altaica	SUBSPECIES	Panthera tigris altaica Temminck, 1844	Panthera tigris altaica Temminck, 1844		DE	Deutschland [Tiergarten]		PRESENT		0674aea0-a7e1-11d8-9534-b8a03c50a862									1987-05-01T00:00:00		5	1987	5219420	5219416	PRESERVED_SPECIMEN	SNSB-SAPM	SAPMmammaliacoll	SAPM-MA-02794 / 213719 / 154912				CC_BY_4_0					2021-01-25T14:06:43.686Z		INSTITUTION_MATCH_NONE;COLLECTION_MATCH_NONE
1851312521	7b9e97de-f762-11e1-a439-00145eb45e9a	http://id.snsb.info/snsb/collection/180718/213714/154907	Animalia	Chordata	Mammalia	Carnivora	Felidae	Panthera	Panthera tigris	altaica	SUBSPECIES	Panthera tigris altaica Temminck, 1844	Panthera tigris altaica Temminck, 1844		DE	Deutschland [Tiergarten]		PRESENT		0674aea0-a7e1-11d8-9534-b8a03c50a862													5219420	5219416	PRESERVED_SPECIMEN	SNSB-SAPM	SAPMmammaliacoll	SAPM-MA-02789 / 213714 / 154907				CC_BY_4_0					2021-01-25T14:06:43.742Z		RECORDED_DATE_INVALID;INSTITUTION_MATCH_NONE;COLLECTION_MATCH_NONE
1851312517	7b9e97de-f762-11e1-a439-00145eb45e9a	http://id.snsb.info/snsb/collection/180716/213712/154905	Animalia	Chordata	Mammalia	Carnivora	Felidae	Panthera	Panthera tigris	altaica	SUBSPECIES	Panthera tigris altaica Temminck, 1844	Panthera tigris altaica Temminck, 1844		DE	Deutschland [Tiergarten]		PRESENT		0674aea0-a7e1-11d8-9534-b8a03c50a862													5219420	5219416	PRESERVED_SPECIMEN	SNSB-SAPM	SAPMmammaliacoll	SAPM-MA-02787 / 213712 / 154905				CC_BY_4_0					2021-01-25T14:06:43.686Z		RECORDED_DATE_INVALID;INSTITUTION_MATCH_NONE;COLLECTION_MATCH_NONE
1851312514	7b9e97de-f762-11e1-a439-00145eb45e9a	http://id.snsb.info/snsb/collection/469663/575990/248617	Animalia	Chordata	Mammalia	Carnivora	Felidae	Panthera	Panthera tigris	altaica	SUBSPECIES	Panthera tigris altaica Temminck, 1844	Panthera tigris altaica Temminck, 1844		DE			PRESENT		0674aea0-a7e1-11d8-9534-b8a03c50a862									2008-06-03T00:00:00	3	6	2008	5219420	5219416	PRESERVED_SPECIMEN	SNSB-SAPM	SAPMmammaliacoll	SAPM-MA-03095 / 575990 / 248617				CC_BY_4_0		Institut für Tierpathologie München			2021-01-25T14:06:44.165Z		INSTITUTION_MATCH_NONE;COLLECTION_MATCH_NONE
1851312510	7b9e97de-f762-11e1-a439-00145eb45e9a	http://id.snsb.info/snsb/collection/180711/213707/154900	Animalia	Chordata	Mammalia	Carnivora	Felidae	Panthera	Panthera tigris	altaica	SUBSPECIES	Panthera tigris altaica Temminck, 1844	Panthera tigris altaica Temminck, 1844		DE			PRESENT		0674aea0-a7e1-11d8-9534-b8a03c50a862													5219420	5219416	PRESERVED_SPECIMEN	SNSB-SAPM	SAPMmammaliacoll	SAPM-MA-02782 / 213707 / 154900				CC_BY_4_0					2021-01-25T14:06:43.722Z		RECORDED_DATE_INVALID;INSTITUTION_MATCH_NONE;COLLECTION_MATCH_NONE
1809982003	44ff990f-945e-4b37-9060-fc7de856b1ea	urn:uuid:508f4557-2ea5-4a1e-828a-5378b8e3622d	Animalia	Chordata	Mammalia	Carnivora	Felidae	Panthera	Panthera tigris	altaica	SUBSPECIES	Panthera tigris altaica Temminck, 1844	Panthera tigris altaica	Temminck, 1844	SE	Østersund	Jämtland	PRESENT	1	a8144f37-5ff7-4137-9400-94b5b2ea4ec4	63.25	14.75			375.0								5219420	5219416	PRESERVED_SPECIMEN	NTNU-VM	MA	DRY-8259				CC_BY_4_0		NETTERSTRØM, R.			2021-03-07T14:01:40.224Z	StillImage	INSTITUTION_MATCH_FUZZY;COLLECTION_MATCH_FUZZY
1804874349	62d82928-dc6f-40dc-85b3-f2be47e7b49a	BE.3281_55082879	Animalia	Chordata	Mammalia	Carnivora	Felidae	Panthera	Panthera tigris	altaica	SUBSPECIES	Panthera tigris altaica Temminck, 1844	Panthera tigris altaica Temminck,1844	Temminck,1844				PRESENT		396d5f30-dea9-11db-8ab4-b8a03c50a862													5219420	5219416	UNKNOWN	Naturalis	Mammalia	BE.3281				CC0_1_0					2020-12-15T20:47:59.940Z		BASIS_OF_RECORD_INVALID;AMBIGUOUS_INSTITUTION;INSTITUTION_COLLECTION_MISMATCH
1804709035	62d82928-dc6f-40dc-85b3-f2be47e7b49a	BE.0001437_55083052	Animalia	Chordata	Mammalia	Carnivora	Felidae	Panthera	Panthera tigris	altaica	SUBSPECIES	Panthera tigris altaica Temminck, 1844	Panthera tigris altaica Temminck, 1844	Temminck, 1844				PRESENT		396d5f30-dea9-11db-8ab4-b8a03c50a862													5219420	5219416	UNKNOWN	Naturalis	Mammalia	BE.0001437				CC0_1_0					2020-12-15T20:47:59.657Z		BASIS_OF_RECORD_INVALID;AMBIGUOUS_INSTITUTION;INSTITUTION_COLLECTION_MISMATCH
1804051482	f86a681d-7db8-483b-819a-248def18b70a	2e4cb07b-19b4-9b44-3e98-4ab5775d0440	Animalia	Chordata	Mammalia	Carnivora	Felidae	Panthera	Panthera tigris	altaica	SUBSPECIES	Panthera tigris altaica Temminck, 1844	Panthera tigris altaica		ZZ	Netherland's Zoo		PRESENT	1	a41250f0-7c3e-11d8-a19c-b8a03c50a862									1989-09-01T00:00:00		9	1989	5219420	5219416	PRESERVED_SPECIMEN	CMN	CMNMA	CMNMA 53846				CC_BY_4_0	Canadian Museum of Nature	Huisman, Pieter H.			2021-02-08T15:58:12.566Z		OCCURRENCE_STATUS_INFERRED_FROM_INDIVIDUAL_COUNT;COLLECTION_MATCH_FUZZY
1656643604	431b19b9-b5b4-4bcb-ae11-072899dd4c52	bbb05b2c-f2f3-4d39-8ef5-e07fab591577	Animalia	Chordata	Mammalia	Carnivora	Felidae	Panthera	Panthera tigris	altaica	SUBSPECIES	Panthera tigris altaica Temminck, 1844	Panthera tigris altaica					PRESENT		a26fb77a-67a4-4a15-b2c3-0c7b87ddb8e6									1985-06-03T00:00:00	3	6	1985	5219420	5219416	PRESERVED_SPECIMEN	CSULB	Mammals	11889				CC0_1_0		Z, S		NATIVE	2021-01-22T16:59:08.407Z		COLLECTION_MATCH_FUZZY
1322539680	821cc27a-e3bb-4bc5-ac34-89ada245069d	http://n2t.net/ark:/65665/3ec1910dd-7828-422a-9c2e-8abe692c78e1	Animalia	Chordata	Mammalia	Carnivora	Felidae	Panthera	Panthera tigris	altaica	SUBSPECIES	Panthera tigris altaica Temminck, 1844	Panthera tigris altaica		KR			PRESENT	1	bc092ff0-02e4-11dc-991f-b8a03c50a862													5219420	5219416	PRESERVED_SPECIMEN	USNM	Mammals	188638	4388	Helgen, Kristofer M., University of Adelaide (AUSTRALIA)		CC0_1_0		P. Jouy			2021-02-27T10:50:27.048Z	StillImage	OCCURRENCE_STATUS_INFERRED_FROM_INDIVIDUAL_COUNT;COLLECTION_MATCH_FUZZY
1322334152	821cc27a-e3bb-4bc5-ac34-89ada245069d	http://n2t.net/ark:/65665/3e3010945-9331-4ba8-98dd-8daa1db481a5	Animalia	Chordata	Mammalia	Carnivora	Felidae	Panthera	Panthera tigris	altaica	SUBSPECIES	Panthera tigris altaica Temminck, 1844	Panthera tigris altaica		ZZ			PRESENT	1	bc092ff0-02e4-11dc-991f-b8a03c50a862									1940-01-15T00:00:00	15	1	1940	5219420	5219416	PRESERVED_SPECIMEN	USNM	Mammals	269320	NZP 8114	Helgen, Kristofer M., University of Adelaide (AUSTRALIA)		CC0_1_0		Collector Unknown			2021-02-27T10:50:20.183Z	StillImage	CONTINENT_INVALID;OCCURRENCE_STATUS_INFERRED_FROM_INDIVIDUAL_COUNT;COLLECTION_MATCH_FUZZY
1322287375	821cc27a-e3bb-4bc5-ac34-89ada245069d	http://n2t.net/ark:/65665/3e0f352e0-ae19-4ac8-bc9f-f60dfa7c7d67	Animalia	Chordata	Mammalia	Carnivora	Felidae	Panthera	Panthera tigris	altaica	SUBSPECIES	Panthera tigris altaica Temminck, 1844	Panthera tigris altaica		KR			PRESENT	1	bc092ff0-02e4-11dc-991f-b8a03c50a862									1904-01-01T00:00:00			1904	5219420	5219416	PRESERVED_SPECIMEN	USNM	Mammals	143191	No Number	Helgen, Kristofer M., University of Adelaide (AUSTRALIA)		CC0_1_0		W. Smith			2021-02-27T10:50:29.288Z	StillImage	OCCURRENCE_STATUS_INFERRED_FROM_INDIVIDUAL_COUNT;COLLECTION_MATCH_FUZZY
1321491587	821cc27a-e3bb-4bc5-ac34-89ada245069d	http://n2t.net/ark:/65665/3bdab9dcc-50d6-4464-9daa-cbab2d7fc6d3	Animalia	Chordata	Mammalia	Carnivora	Felidae	Panthera	Panthera tigris	altaica	SUBSPECIES	Panthera tigris altaica Temminck, 1844	Panthera tigris altaica		ZZ			PRESENT	1	bc092ff0-02e4-11dc-991f-b8a03c50a862									1919-05-06T00:00:00	6	5	1919	5219420	5219416	PRESERVED_SPECIMEN	USNM	Mammals	220265	NZP 2512			CC0_1_0		Collector Unknown			2021-02-27T10:50:55.945Z	StillImage	CONTINENT_INVALID;OCCURRENCE_STATUS_INFERRED_FROM_INDIVIDUAL_COUNT;COLLECTION_MATCH_FUZZY
1321455675	821cc27a-e3bb-4bc5-ac34-89ada245069d	http://n2t.net/ark:/65665/3bc152f00-3417-4944-89b2-6392e330b254	Animalia	Chordata	Mammalia	Carnivora	Felidae	Panthera	Panthera tigris	altaica	SUBSPECIES	Panthera tigris altaica Temminck, 1844	Panthera tigris altaica		ZZ			PRESENT	1	bc092ff0-02e4-11dc-991f-b8a03c50a862									1923-07-26T00:00:00	26	7	1923	5219420	5219416	PRESERVED_SPECIMEN	USNM	Mammals	239445	NZP 2720	Helgen, Kristofer M., University of Adelaide (AUSTRALIA)		CC0_1_0		Collector Unknown			2021-02-27T10:51:07.422Z	StillImage	CONTINENT_INVALID;OCCURRENCE_STATUS_INFERRED_FROM_INDIVIDUAL_COUNT;COLLECTION_MATCH_FUZZY
1320948412	821cc27a-e3bb-4bc5-ac34-89ada245069d	http://n2t.net/ark:/65665/3a5b0d1de-cc01-4fe6-99be-6c1e26286e31	Animalia	Chordata	Mammalia	Carnivora	Felidae	Panthera	Panthera tigris	altaica	SUBSPECIES	Panthera tigris altaica Temminck, 1844	Panthera tigris altaica		ZZ			PRESENT	1	bc092ff0-02e4-11dc-991f-b8a03c50a862									1923-08-05T00:00:00	5	8	1923	5219420	5219416	PRESERVED_SPECIMEN	USNM	Mammals	239450	NZP 2723	Helgen, Kristofer M., University of Adelaide (AUSTRALIA)		CC0_1_0		Collector Unknown			2021-02-27T10:50:58.406Z	StillImage	CONTINENT_INVALID;OCCURRENCE_STATUS_INFERRED_FROM_INDIVIDUAL_COUNT;COLLECTION_MATCH_FUZZY
1320088944	821cc27a-e3bb-4bc5-ac34-89ada245069d	http://n2t.net/ark:/65665/37faad4ca-e5c8-4f16-ae59-64fcab65a536	Animalia	Chordata	Mammalia	Carnivora	Felidae	Panthera	Panthera tigris	altaica	SUBSPECIES	Panthera tigris altaica Temminck, 1844	Panthera tigris altaica		ZZ			PRESENT	1	bc092ff0-02e4-11dc-991f-b8a03c50a862													5219420	5219416	PRESERVED_SPECIMEN	USNM	Mammals	399556	No Number			CC0_1_0		Collector Unknown			2021-02-27T10:51:01.077Z	StillImage	CONTINENT_INVALID;OCCURRENCE_STATUS_INFERRED_FROM_INDIVIDUAL_COUNT;COLLECTION_MATCH_FUZZY
1319226368	821cc27a-e3bb-4bc5-ac34-89ada245069d	http://n2t.net/ark:/65665/3598ad202-c9e5-4287-82fb-0648944372ee	Animalia	Chordata	Mammalia	Carnivora	Felidae	Panthera	Panthera tigris	altaica	SUBSPECIES	Panthera tigris altaica Temminck, 1844	Panthera tigris altaica		ZZ			PRESENT	1	bc092ff0-02e4-11dc-991f-b8a03c50a862									1930-02-07T00:00:00	7	2	1930	5219420	5219416	PRESERVED_SPECIMEN	USNM	Mammals	254977	NZP 3599	Helgen, Kristofer M., University of Adelaide (AUSTRALIA)		CC0_1_0		Collector Unknown			2021-02-27T10:50:53.368Z	StillImage	CONTINENT_INVALID;OCCURRENCE_STATUS_INFERRED_FROM_INDIVIDUAL_COUNT;COLLECTION_MATCH_FUZZY
1318954782	821cc27a-e3bb-4bc5-ac34-89ada245069d	http://n2t.net/ark:/65665/34d7f8b9f-3816-4b92-94c9-1bf843db955f	Animalia	Chordata	Mammalia	Carnivora	Felidae	Panthera	Panthera tigris	altaica	SUBSPECIES	Panthera tigris altaica Temminck, 1844	Panthera tigris altaica		ZZ			PRESENT	1	bc092ff0-02e4-11dc-991f-b8a03c50a862									1919-12-24T00:00:00	24	12	1919	5219420	5219416	PRESERVED_SPECIMEN	USNM	Mammals	221016	NZP 2532			CC0_1_0		Collector Unknown			2021-02-27T10:51:02.888Z	StillImage	CONTINENT_INVALID;OCCURRENCE_STATUS_INFERRED_FROM_INDIVIDUAL_COUNT;COLLECTION_MATCH_FUZZY
1318730022	821cc27a-e3bb-4bc5-ac34-89ada245069d	http://n2t.net/ark:/65665/34390a5fe-d701-4338-be59-b20d0fad0a5e	Animalia	Chordata	Mammalia	Carnivora	Felidae	Panthera	Panthera tigris	altaica	SUBSPECIES	Panthera tigris altaica Temminck, 1844	Panthera tigris altaica		ZZ			PRESENT	1	bc092ff0-02e4-11dc-991f-b8a03c50a862									1927-03-12T00:00:00	12	3	1927	5219420	5219416	PRESERVED_SPECIMEN	USNM	Mammals	251789	NZP 3128	Helgen, Kristofer M., University of Adelaide (AUSTRALIA)		CC0_1_0		Collector Unknown			2021-02-27T10:50:43.980Z	StillImage	CONTINENT_INVALID;OCCURRENCE_STATUS_INFERRED_FROM_INDIVIDUAL_COUNT;COLLECTION_MATCH_FUZZY
1318626354	821cc27a-e3bb-4bc5-ac34-89ada245069d	http://n2t.net/ark:/65665/33efb726c-6c63-4b14-8ec6-e139e0c2c829	Animalia	Chordata	Mammalia	Carnivora	Felidae	Panthera	Panthera tigris	altaica	SUBSPECIES	Panthera tigris altaica Temminck, 1844	Panthera tigris altaica		KR			PRESENT	1	bc092ff0-02e4-11dc-991f-b8a03c50a862									1904-01-01T00:00:00			1904	5219420	5219416	PRESERVED_SPECIMEN	USNM	Mammals	A49798	No Number	Helgen, Kristofer M., University of Adelaide (AUSTRALIA)		CC0_1_0		W. Smith			2021-02-27T10:50:42.864Z	StillImage	OCCURRENCE_STATUS_INFERRED_FROM_INDIVIDUAL_COUNT;COLLECTION_MATCH_FUZZY
1318148832	821cc27a-e3bb-4bc5-ac34-89ada245069d	http://n2t.net/ark:/65665/329d7f357-fa62-4b20-baef-0c8029cecf52	Animalia	Chordata	Mammalia	Carnivora	Felidae	Panthera	Panthera tigris	altaica	SUBSPECIES	Panthera tigris altaica Temminck, 1844	Panthera tigris altaica		KR			PRESENT	1	bc092ff0-02e4-11dc-991f-b8a03c50a862									1904-01-01T00:00:00			1904	5219420	5219416	PRESERVED_SPECIMEN	USNM	Mammals	A49797	No Number	Helgen, Kristofer M., University of Adelaide (AUSTRALIA)		CC0_1_0		W. Smith			2021-02-27T10:50:53.287Z	StillImage	OCCURRENCE_STATUS_INFERRED_FROM_INDIVIDUAL_COUNT;COLLECTION_MATCH_FUZZY
1317474780	821cc27a-e3bb-4bc5-ac34-89ada245069d	http://n2t.net/ark:/65665/30c11ccf3-f9c6-4b79-80f7-c42d8f0cd184	Animalia	Chordata	Mammalia	Carnivora	Felidae	Panthera	Panthera tigris	altaica	SUBSPECIES	Panthera tigris altaica Temminck, 1844	Panthera tigris altaica		KR			PRESENT	1	bc092ff0-02e4-11dc-991f-b8a03c50a862									1904-01-01T00:00:00			1904	5219420	5219416	PRESERVED_SPECIMEN	USNM	Mammals	A49799	No Number	Helgen, Kristofer M., University of Adelaide (AUSTRALIA)		CC0_1_0		W. Smith			2021-02-27T10:50:07.454Z	StillImage	OCCURRENCE_STATUS_INFERRED_FROM_INDIVIDUAL_COUNT;COLLECTION_MATCH_FUZZY
1275220827	3959ee49-7678-4a88-9049-5dfc55ccebf3	http://coldb.mnhn.fr/catalognumber/mnhn/zm/mo-1995-309	Animalia	Chordata	Mammalia	Carnivora	Felidae	Panthera	Panthera tigris	altaica	SUBSPECIES	Panthera tigris altaica Temminck, 1844	Panthera tigris altaica Temminck, 1844	Temminck, 1844		Ménagerie du Jardin des Plantes	Île-de-France	PRESENT		2cd829bb-b713-433d-99cf-64bef11e5b3e													5219420	5219416	PRESERVED_SPECIMEN	MNHN	ZM	MO-1995-309				CC_BY_4_0					2021-03-03T11:40:58.803Z		INSTITUTION_MATCH_FUZZY;INSTITUTION_COLLECTION_MISMATCH
1275220825	3959ee49-7678-4a88-9049-5dfc55ccebf3	http://coldb.mnhn.fr/catalognumber/mnhn/zm/mo-1995-308	Animalia	Chordata	Mammalia	Carnivora	Felidae	Panthera	Panthera tigris	altaica	SUBSPECIES	Panthera tigris altaica Temminck, 1844	Panthera tigris altaica Temminck, 1844	Temminck, 1844		Ménagerie du Jardin des Plantes	Île-de-France	PRESENT		2cd829bb-b713-433d-99cf-64bef11e5b3e													5219420	5219416	PRESERVED_SPECIMEN	MNHN	ZM	MO-1995-308				CC_BY_4_0					2021-03-03T11:40:58.802Z		INSTITUTION_MATCH_FUZZY;INSTITUTION_COLLECTION_MISMATCH
1275220823	3959ee49-7678-4a88-9049-5dfc55ccebf3	http://coldb.mnhn.fr/catalognumber/mnhn/zm/mo-1995-310	Animalia	Chordata	Mammalia	Carnivora	Felidae	Panthera	Panthera tigris	altaica	SUBSPECIES	Panthera tigris altaica Temminck, 1844	Panthera tigris altaica Temminck, 1844	Temminck, 1844		Ménagerie du Jardin des Plantes	Île-de-France	PRESENT		2cd829bb-b713-433d-99cf-64bef11e5b3e													5219420	5219416	PRESERVED_SPECIMEN	MNHN	ZM	MO-1995-310				CC_BY_4_0					2021-03-03T11:40:58.823Z		INSTITUTION_MATCH_FUZZY;INSTITUTION_COLLECTION_MISMATCH
1145104894	5f3463d2-51b6-4a8a-b252-9bab4388934e	http://arctos.database.museum/guid/DMNS:Mamm:6067?seid=1755533	Animalia	Chordata	Mammalia	Carnivora	Felidae	Panthera	Panthera tigris	altaica	SUBSPECIES	Panthera tigris altaica Temminck, 1844	Panthera tigris altaica			no specific locality recorded		PRESENT	1	a2ef6dd1-8886-48c9-8025-c62bac973cc7									1900-01-01T00:00:00	1	1	1900	5219420	5219416	PRESERVED_SPECIMEN	DMNS	Mammal specimens	DMNS:Mamm:6067		unknown	1980-12-31T00:00:00	CC_BY_NC_4_0		Collector(s): unknown		UNCERTAIN	2021-03-06T21:05:39.927Z		CONTINENT_INVALID;OCCURRENCE_STATUS_INFERRED_FROM_INDIVIDUAL_COUNT;INSTITUTION_MATCH_FUZZY;INSTITUTION_COLLECTION_MISMATCH
1145104761	5f3463d2-51b6-4a8a-b252-9bab4388934e	http://arctos.database.museum/guid/DMNS:Mamm:5928?seid=1540446	Animalia	Chordata	Mammalia	Carnivora	Felidae	Panthera	Panthera tigris	longipilis	SUBSPECIES	Panthera tigris longipilis (Fitzinger, 1868)	Panthera tigris longipilis		US	San Diego Zoo	California	PRESENT	1	a2ef6dd1-8886-48c9-8025-c62bac973cc7									1974-01-10T00:00:00	10	1	1974	5219421	5219416	PRESERVED_SPECIMEN	DMNS	Mammal specimens	DMNS:Mamm:5928		San Diego Zoo	1974-01-10T00:00:00	CC_BY_NC_4_0		Collector(s): San Diego Zoo		MANAGED	2021-03-06T21:05:40.415Z		OCCURRENCE_STATUS_INFERRED_FROM_INDIVIDUAL_COUNT;INSTITUTION_MATCH_FUZZY;INSTITUTION_COLLECTION_MISMATCH
1065342811	7a25f7aa-03fb-4322-aaeb-66719e1a9527	1f1cddfc-cee8-4bf1-bb51-e52d37c8ce20	Animalia	Chordata	Mammalia	Carnivora	Felidae	Panthera	Panthera tigris	altaica	SUBSPECIES	Panthera tigris altaica Temminck, 1844	Panthera tigris altaica					PRESENT		493fe050-055d-11d8-b84f-b8a03c50a862													5219420	5219416	PRESERVED_SPECIMEN	LACM	Mammals	097301				CC0_1_0		Hoffman, M. L.		NATIVE	2021-01-22T17:21:10.577Z		INSTITUTION_MATCH_FUZZY;COLLECTION_MATCH_FUZZY
1064538213	6ce7290f-47f6-4046-8356-371f5b6749df	urn:catalog:CAS:MAM:30578	Animalia	Chordata	Mammalia	Carnivora	Felidae	Panthera	Panthera tigris	altaica	SUBSPECIES	Panthera tigris altaica Temminck, 1844	Panthera tigris altaica			No Data		PRESENT		66522820-055c-11d8-b84e-b8a03c50a862													5219420	5219416	PRESERVED_SPECIMEN	CAS	MAM	30578				CC0_1_0					2021-03-02T23:08:06.447Z		AMBIGUOUS_INSTITUTION;AMBIGUOUS_COLLECTION
919436475	22a66350-7947-4a49-84a3-39c7c1b0881f	urn:catalog:MSU:MR:MR.33361	Animalia	Chordata	Mammalia	Carnivora	Felidae	Panthera	Panthera tigris	altaica	SUBSPECIES	Panthera tigris altaica Temminck, 1844	Panthera tigris altaica			Detroit Zoo, Royal Oak, Michigan		PRESENT		311e2740-f15a-11d8-b22f-b8a03c50a862													5219420	5219416	PRESERVED_SPECIMEN	MSU	MR	MR.33361				CC0_1_0				MANAGED	2021-01-22T17:06:19.875Z		
919417936	22a66350-7947-4a49-84a3-39c7c1b0881f	urn:catalog:MSU:MR:MR.33360	Animalia	Chordata	Mammalia	Carnivora	Felidae	Panthera	Panthera tigris	altaica	SUBSPECIES	Panthera tigris altaica Temminck, 1844	Panthera tigris altaica			Detroit Zoo, Royal Oak, Michigan		PRESENT		311e2740-f15a-11d8-b22f-b8a03c50a862													5219420	5219416	PRESERVED_SPECIMEN	MSU	MR	MR.33360				CC0_1_0				MANAGED	2021-01-22T17:06:20.948Z		
919417911	22a66350-7947-4a49-84a3-39c7c1b0881f	urn:catalog:MSU:MR:MR.33359	Animalia	Chordata	Mammalia	Carnivora	Felidae	Panthera	Panthera tigris	altaica	SUBSPECIES	Panthera tigris altaica Temminck, 1844	Panthera tigris altaica			Detroit Zoo, Royal Oak, Michigan		PRESENT		311e2740-f15a-11d8-b22f-b8a03c50a862													5219420	5219416	PRESERVED_SPECIMEN	MSU	MR	MR.33359				CC0_1_0				MANAGED	2021-01-22T17:06:20.946Z		
896996583	377be098-626f-4cc2-b4b5-35700050669a	http://arctos.database.museum/guid/UAM:Mamm:101215?seid=1127445	Animalia	Chordata	Mammalia	Carnivora	Felidae	Panthera	Panthera tigris	altaica	SUBSPECIES	Panthera tigris altaica Temminck, 1844	Panthera tigris altaica		US	Alaska Zoo	Alaska	PRESENT	1	d9699a79-4736-45c2-925c-f4033ac67d52	61.21749731620651	-149.90208853622804							2007-12-28T00:00:00	28	12	2007	5219420	5219416	PRESERVED_SPECIMEN	UAM	Mammal specimens	UAM:Mamm:101215		Shannon Jensen	2007-12-28T00:00:00	CC_BY_NC_4_0		Collector(s): Patrick Lampi; Alaska Zoo; Shannon Jensen; Preparator(s): Robert G. Hunter; Aren M. Gunderson		MANAGED	2021-02-28T00:54:29.709Z		COORDINATE_REPROJECTED;OCCURRENCE_STATUS_INFERRED_FROM_INDIVIDUAL_COUNT;AMBIGUOUS_INSTITUTION;COLLECTION_MATCH_FUZZY
865739455	5a659248-1f70-11e3-b2c5-00145eb45e9a		Animalia	Chordata	Mammalia	Carnivora	Felidae	Panthera	Panthera tigris	altaica	SUBSPECIES	Panthera tigris altaica Temminck, 1844	Panthera tigris altaica Temminck, 1844		RU	Sibérie orientale		PRESENT		23539a57-1347-4dd3-af2a-cf9478563baa	60.0	105.0											5219420	5219416	PRESERVED_SPECIMEN	MHNG	Mammals housed at MHNG, Geneva	MHNG-MAM-756.091				CC_BY_NC_4_0		J. Custar			2021-03-03T09:47:08.005Z		GEODETIC_DATUM_ASSUMED_WGS84;RECORDED_DATE_INVALID;COLLECTION_MATCH_NONE;INSTITUTION_MATCH_FUZZY
861701205	78dcfcbd-03c4-4d47-8618-830aac6f2ee5	urn:lsid:biosci.ohio-state.edu:osuc_occurrences:OSUM__Mammals__6627	Animalia	Chordata	Mammalia	Carnivora	Felidae	Panthera	Panthera tigris	altaica	SUBSPECIES	Panthera tigris altaica Temminck, 1844	Panthera tigris altaica		US	home of Robert Albertin; Milwaukee Co.; Wisconsin; USA	Wisconsin	PRESENT	1	5ffa575c-fcd4-4583-9611-545f67b04316	44.5002	-90.0004							1977-02-01T00:00:00	1	2	1977	5219420	5219416	PRESERVED_SPECIMEN	Ohio State University - Mammal Division, Columbus, OH (OSUM)	Mammals	OSUM Mammals 6627			2013-01-01T00:00:00	CC_BY_4_0		Wood, N.			2021-01-22T17:10:07.861Z		GEODETIC_DATUM_ASSUMED_WGS84;OCCURRENCE_STATUS_INFERRED_FROM_INDIVIDUAL_COUNT;AMBIGUOUS_COLLECTION;INSTITUTION_MATCH_NONE
861701155	78dcfcbd-03c4-4d47-8618-830aac6f2ee5	urn:lsid:biosci.ohio-state.edu:osuc_occurrences:OSUM__Mammals__6628	Animalia	Chordata	Mammalia	Carnivora	Felidae	Panthera	Panthera tigris	altaica	SUBSPECIES	Panthera tigris altaica Temminck, 1844	Panthera tigris altaica		US	home of Robert Albertin; Milwaukee Co.; Wisconsin; USA	Wisconsin	PRESENT	1	5ffa575c-fcd4-4583-9611-545f67b04316	44.5002	-90.0004							1977-02-01T00:00:00	1	2	1977	5219420	5219416	PRESERVED_SPECIMEN	Ohio State University - Mammal Division, Columbus, OH (OSUM)	Mammals	OSUM Mammals 6628			2013-01-01T00:00:00	CC_BY_4_0		Wood, N.			2021-01-22T17:10:07.988Z		GEODETIC_DATUM_ASSUMED_WGS84;OCCURRENCE_STATUS_INFERRED_FROM_INDIVIDUAL_COUNT;AMBIGUOUS_COLLECTION;INSTITUTION_MATCH_NONE
859562855	96ca66b4-f762-11e1-a439-00145eb45e9a	urn:catalog:AMNH:Mammals:M-85405	Animalia	Chordata	Mammalia	Carnivora	Felidae	Panthera	Panthera tigris	longipilis	SUBSPECIES	Panthera tigris longipilis (Fitzinger, 1868)	Panthera tigris longipilis		RU	50 mi. E. Bikin	Ussuri District	PRESENT	1	ccd1ddc0-6c21-11de-8224-b8a03c50a862									1930-03-04T00:00:00	4	3	1930	5219421	5219416	PRESERVED_SPECIMEN	AMNH	Mammals	M-85405	204			CC0_1_0		G. G. Goodwin		NATIVE	2021-01-22T17:45:57.811Z		CONTINENT_INVALID;INSTITUTION_COLLECTION_MISMATCH
859501014	96ca66b4-f762-11e1-a439-00145eb45e9a	urn:catalog:AMNH:Mammals:MS-5	Animalia	Chordata	Mammalia	Carnivora	Felidae	Panthera	Panthera tigris	altaica	SUBSPECIES	Panthera tigris altaica Temminck, 1844	Panthera tigris altaica		CN	Amoor River		PRESENT	1	ccd1ddc0-6c21-11de-8224-b8a03c50a862													5219420	5219416	PRESERVED_SPECIMEN	AMNH	Mammals	MS-5				CC0_1_0				NATIVE	2021-01-22T17:45:56.217Z		INSTITUTION_COLLECTION_MISMATCH
859473968	96ca66b4-f762-11e1-a439-00145eb45e9a	urn:catalog:AMNH:Mammals:M-85396	Animalia	Chordata	Mammalia	Carnivora	Felidae	Panthera	Panthera tigris	longipilis	SUBSPECIES	Panthera tigris longipilis (Fitzinger, 1868)	Panthera tigris longipilis		RU		Ussuri District	PRESENT	1	ccd1ddc0-6c21-11de-8224-b8a03c50a862													5219421	5219416	PRESERVED_SPECIMEN	AMNH	Mammals	M-85396	200			CC0_1_0		G. G. Goodwin		NATIVE	2021-01-22T17:45:57.276Z		CONTINENT_INVALID;INSTITUTION_COLLECTION_MISMATCH
859454415	96ca66b4-f762-11e1-a439-00145eb45e9a	urn:catalog:AMNH:Mammals:M-85404	Animalia	Chordata	Mammalia	Carnivora	Felidae	Panthera	Panthera tigris	longipilis	SUBSPECIES	Panthera tigris longipilis (Fitzinger, 1868)	Panthera tigris longipilis		RU	50 mi. E. Bikin	Ussuri District	PRESENT	1	ccd1ddc0-6c21-11de-8224-b8a03c50a862									1930-03-10T00:00:00	10	3	1930	5219421	5219416	PRESERVED_SPECIMEN	AMNH	Mammals	M-85404	205			CC0_1_0		G. G. Goodwin		NATIVE	2021-01-22T17:45:57.545Z		CONTINENT_INVALID;INSTITUTION_COLLECTION_MISMATCH
665919479	41fc5c40-5e81-496f-9733-6b5681b3b7a5	1f41af92-2c94-44c9-bfce-d2c25bf2ca40	Animalia	Chordata	Mammalia	Carnivora	Felidae	Panthera	Panthera tigris	altaica	SUBSPECIES	Panthera tigris altaica Temminck, 1844	Panthera tigris altaica		ZZ			PRESENT		7b8aff00-a9f8-11d8-944b-b8a03c50a862									2005-08-08T00:00:00	8	8	2005	5219420	5219416	PRESERVED_SPECIMEN	FMNH	Mammals	188486	PL-7105			CC0_1_0	The Field Museum of Natural History	Prep Lab Catalogue			2021-01-22T17:15:52.827Z		INSTITUTION_MATCH_FUZZY;COLLECTION_MATCH_FUZZY
665919434	41fc5c40-5e81-496f-9733-6b5681b3b7a5	d987e311-99cb-4ab4-a696-c76eb2b91a1d	Animalia	Chordata	Mammalia	Carnivora	Felidae	Panthera	Panthera tigris	altaica	SUBSPECIES	Panthera tigris altaica Temminck, 1844	Panthera tigris altaica		ZZ			PRESENT		7b8aff00-a9f8-11d8-944b-b8a03c50a862									1997-12-30T00:00:00	30	12	1997	5219420	5219416	PRESERVED_SPECIMEN	FMNH	Mammals	186834	PL-4783			CC0_1_0	The Field Museum of Natural History	Prep Lab Catalogue			2021-01-22T17:15:55.393Z		INSTITUTION_MATCH_FUZZY;COLLECTION_MATCH_FUZZY
665917749	41fc5c40-5e81-496f-9733-6b5681b3b7a5	9dd7fc36-fb45-4ee8-860c-f98603beb766	Animalia	Chordata	Mammalia	Carnivora	Felidae	Panthera	Panthera tigris	altaica	SUBSPECIES	Panthera tigris altaica Temminck, 1844	Panthera tigris altaica		ZZ			PRESENT		7b8aff00-a9f8-11d8-944b-b8a03c50a862									1996-04-11T00:00:00	11	4	1996	5219420	5219416	PRESERVED_SPECIMEN	FMNH	Mammals	159999	PL-4224			CC0_1_0	The Field Museum of Natural History	Prep Lab Catalogue			2021-01-22T17:15:57.861Z		INSTITUTION_MATCH_FUZZY;COLLECTION_MATCH_FUZZY
665856017	41fc5c40-5e81-496f-9733-6b5681b3b7a5	2f8c0613-bea0-47d5-b5c5-539e209755f6	Animalia	Chordata	Mammalia	Carnivora	Felidae	Panthera	Panthera tigris	altaica	SUBSPECIES	Panthera tigris altaica Temminck, 1844	Panthera tigris altaica		ZZ			PRESENT		7b8aff00-a9f8-11d8-944b-b8a03c50a862									1990-09-01T00:00:00		9	1990	5219420	5219416	PRESERVED_SPECIMEN	FMNH	Mammals	142009	PL-942			CC0_1_0	The Field Museum of Natural History	Prep Lab Catalogue			2021-01-22T17:15:53.117Z		INSTITUTION_MATCH_FUZZY;COLLECTION_MATCH_FUZZY
665837934	41fc5c40-5e81-496f-9733-6b5681b3b7a5	0c056397-786a-496d-8e36-9b40c7b72823	Animalia	Chordata	Mammalia	Carnivora	Felidae	Panthera	Panthera tigris	altaica	SUBSPECIES	Panthera tigris altaica Temminck, 1844	Panthera tigris altaica		ZZ			PRESENT		7b8aff00-a9f8-11d8-944b-b8a03c50a862													5219420	5219416	PRESERVED_SPECIMEN	FMNH	Mammals	75771	CZS			CC0_1_0	The Field Museum of Natural History				2021-01-22T17:15:56.337Z		INSTITUTION_MATCH_FUZZY;COLLECTION_MATCH_FUZZY
583518230	6ce7290f-47f6-4046-8356-371f5b6749df	urn:catalog:CAS:MAM:23164	Animalia	Chordata	Mammalia	Carnivora	Felidae	Panthera	Panthera tigris	longipilis	SUBSPECIES	Panthera tigris longipilis (Fitzinger, 1868)	Panthera tigris longipilis			San Francisco Zoo, San Francisco Co., California		PRESENT		66522820-055c-11d8-b84e-b8a03c50a862									1989-06-13T00:00:00	13	6	1989	5219421	5219416	PRESERVED_SPECIMEN	CAS	MAM	23164				CC0_1_0		Unknown			2021-03-02T23:08:09.126Z		AMBIGUOUS_INSTITUTION;AMBIGUOUS_COLLECTION
583514995	6ce7290f-47f6-4046-8356-371f5b6749df	urn:catalog:CAS:MAM:22225	Animalia	Chordata	Mammalia	Carnivora	Felidae	Panthera	Panthera tigris	altaica	SUBSPECIES	Panthera tigris altaica Temminck, 1844	Panthera tigris altaica		US	St. Louis Zoo, Missouri.		PRESENT		66522820-055c-11d8-b84e-b8a03c50a862	38.63529757645877	-90.29505045345604	671.0						1982-12-23T00:00:00	23	12	1982	5219420	5219416	PRESERVED_SPECIMEN	CAS	MAM	22225				CC0_1_0					2021-03-02T23:08:12.681Z		COORDINATE_REPROJECTED;COUNTRY_DERIVED_FROM_COORDINATES;AMBIGUOUS_INSTITUTION;AMBIGUOUS_COLLECTION
583478047	6ce7290f-47f6-4046-8356-371f5b6749df	urn:catalog:CAS:MAM:11717	Animalia	Chordata	Mammalia	Carnivora	Felidae	Panthera	Panthera tigris	longipilis	SUBSPECIES	Panthera tigris longipilis (Fitzinger, 1868)	Panthera tigris longipilis		CN	Khantaohotze Station, Ch. East R-y	Heilongjiang Prov.	PRESENT		66522820-055c-11d8-b84e-b8a03c50a862									1937-10-01T00:00:00	1	10	1937	5219421	5219416	PRESERVED_SPECIMEN	CAS	MAM	11717	946			CC0_1_0		A. S. Loukashkin			2021-03-02T23:08:08.562Z		AMBIGUOUS_INSTITUTION;AMBIGUOUS_COLLECTION
416046020	9666593a-f762-11e1-a439-00145eb45e9a		Animalia	Chordata	Mammalia	Carnivora	Felidae	Panthera	Panthera tigris	altaica	SUBSPECIES	Panthera tigris altaica Temminck, 1844	Panthera tigris altaica Temminck 1844		RU			PRESENT		c76cf030-2a95-11da-9cc1-b8a03c50a862													5219420	5219416	PRESERVED_SPECIMEN	SMF	Collection Mammalia	38342				CC_BY_4_0					2021-03-05T06:10:05.232Z		RECORDED_DATE_INVALID;COLLECTION_MATCH_NONE;INSTITUTION_MATCH_FUZZY
416046008	9666593a-f762-11e1-a439-00145eb45e9a		Animalia	Chordata	Mammalia	Carnivora	Felidae	Panthera	Panthera tigris	altaica	SUBSPECIES	Panthera tigris altaica Temminck, 1844	Panthera tigris altaica Temminck 1844					PRESENT		c76cf030-2a95-11da-9cc1-b8a03c50a862													5219420	5219416	PRESERVED_SPECIMEN	SMF	Collection Mammalia	6766				CC_BY_4_0					2021-03-05T06:10:07.548Z		COLLECTION_MATCH_NONE;INSTITUTION_MATCH_FUZZY
