OID_,OBJECTID,RIBI_ID,ACFL,AMBI,ABDU,AMCR,AMGO,AGWT,AMKE,AMOY,AMRE,AMRO,AMWO,BANS,BARS,BAOW,BEKI,BLBW,BAWW,BBCU,BCCH,BCNH,BTNW,BLJA,BGGN,BWTE,BWWA,BOBO,BWHA,BRCR,BRTH,BHCO,CAGO,CAWA,CARW,CAEG,CEDW,CERW,CSWA,CHSW,CHSP,CLRA,CLSW,COBO,COGR,COMO,CONI,COTE,COYE,COHA,DCCO,DOWO,EABL,EAKI,EAME,EAPH,EASO,ETTI,EAWP,EUST,FISP,FICR,GADW,GLIB,GCKI,GRSP,GRCA,GBBG,GTBH,GREG,GHOW,GCFL,GNBH,HAWO,HETH,HERG,HOME,HOWA,HOLA,HOFI,HOSP,HOWR,INBU,KILL_,KIRA,LEBI,LEFL,LETE,LBHE,LEOW,LOWA,MAWA,MALL,MAWR,MOPA,MODO,MUSW,MYWA,NAWA,NOBO,NOCA,NOGO,NOHA,NOMO,NOOR,NOPA,NSWO,NOWA,OROR,OSPR,OVEN,PIWO,PIWA,PIPL,PRAW,PUFI,PUMA,RBWO,RBNU,REVI,RSHA,RTHA,RWBL,RNPH,RODO,ROST,RBGR,NRWS,RTHU,RUGR,RSTO,SAVS,SCTA,SESP,SSHA,STSP,SNEG,SOVI,SOSP,SORA,SPSA,SWSP,TRES,TUVU,UDEJ,UPSA,VEER,VESP,VIRA,WAVI,WPWI,WBNU,WEVI,WTSP,WITU,WILL,WIFL,WIWR,WODU,WOTH,WEWA,YWAR,YBCU,YBCH,YRWA,YSFL,YTVI,YCNH,BTBW,PROW,PBGR,TTLC,TTLR,TTLP,TOTSPP
0,1,1,X,X,X,X,P,X,X,X,P,P,X,X,X,X,X,X,R,X,R,X,X,R,X,X,C,X,P,X,X,X,X,R,X,X,R,X,R,P,P,X,X,X,C,X,X,X,C,X,X,X,X,C,X,P,X,C,R,C,X,X,X,X,X,X,C,X,X,X,X,R,X,P,X,X,X,X,X,R,X,P,X,X,X,X,X,X,X,X,R,X,X,X,X,X,X,X,X,X,P,X,X,P,C,X,X,X,X,X,P,X,X,X,X,P,X,X,X,R,X,X,X,X,X,X,P,X,X,X,C,X,C,X,X,X,X,X,R,X,X,X,X,X,X,X,P,X,X,X,X,P,X,X,X,X,X,X,X,P,X,X,X,X,X,P,X,X,X,X,X,10,12,18,40
1,2,2,X,X,X,R,X,X,X,X,X,C,X,X,C,R,X,X,C,C,C,X,X,C,X,X,X,X,X,X,R,P,X,X,X,X,X,X,R,X,P,X,X,X,P,X,X,X,C,X,X,P,X,R,X,P,X,R,P,C,R,X,X,X,X,X,C,X,X,X,X,P,X,R,P,X,X,X,X,X,X,P,P,X,X,X,X,X,X,X,X,X,X,X,X,P,X,X,X,X,X,X,X,P,X,X,X,X,X,X,R,X,P,X,P,X,X,X,X,R,P,X,R,X,X,X,X,X,X,X,R,X,C,X,X,X,X,X,R,X,X,X,C,X,X,X,C,X,X,X,R,R,X,X,X,X,X,X,X,R,X,X,X,X,X,R,P,X,X,X,X,12,17,16,45
2,3,3,X,X,P,C,P,X,X,X,X,C,X,X,C,P,X,X,C,X,C,X,X,R,P,X,R,X,C,X,P,R,X,X,X,X,P,X,P,P,R,X,X,X,C,X,X,X,R,X,X,P,X,C,P,R,X,R,R,C,P,X,X,X,X,X,C,X,X,X,X,X,X,P,P,X,X,X,X,R,C,R,P,X,X,X,X,X,X,X,X,X,P,X,X,R,X,X,P,X,R,X,X,P,C,X,X,X,X,X,R,X,X,X,X,R,X,X,X,R,X,P,C,X,X,X,R,X,X,X,R,X,P,X,X,X,X,X,R,X,X,X,P,X,X,X,R,X,X,X,R,R,X,X,X,X,X,X,X,C,X,X,X,X,X,R,P,X,X,X,X,14,22,21,57
3,4,4,X,X,X,R,P,X,X,X,X,R,X,X,P,X,X,X,R,X,C,X,X,R,X,X,R,C,X,X,R,X,X,X,P,X,P,X,X,P,R,X,X,X,R,X,X,X,P,X,X,P,X,P,P,X,X,R,P,C,P,X,X,X,X,X,C,X,X,X,X,X,X,X,X,X,X,X,X,R,C,R,X,P,X,X,X,X,X,X,X,X,X,X,X,C,X,X,X,X,P,X,X,P,R,X,X,X,X,X,R,X,X,X,X,R,X,X,X,R,X,P,R,X,X,X,X,X,X,X,R,X,R,X,X,X,X,X,R,X,X,X,X,X,X,X,X,X,X,X,X,R,X,X,X,X,X,X,X,R,X,X,X,X,X,R,X,X,X,X,X,6,22,15,43
4,5,5,X,X,X,R,X,X,X,X,X,R,X,R,X,X,X,X,P,X,R,X,X,R,X,X,X,X,X,X,X,X,X,X,X,X,X,X,X,R,R,X,X,X,R,X,X,X,X,X,X,P,X,R,X,C,X,R,X,C,X,X,X,X,X,X,P,X,X,X,X,P,X,X,X,X,X,X,X,P,C,X,X,X,X,X,X,X,X,X,X,X,X,X,X,P,X,X,X,X,P,X,X,P,R,X,X,X,X,X,X,X,X,X,X,X,X,X,X,R,X,X,X,X,R,X,X,R,X,P,P,X,X,X,X,X,X,X,R,X,R,X,C,X,X,X,X,X,X,X,X,X,X,X,X,X,X,X,X,X,X,X,X,X,X,R,X,X,X,X,X,4,17,10,31
5,6,6,X,X,P,R,P,X,X,X,X,C,X,X,C,X,X,X,R,P,C,X,X,C,P,X,C,C,X,X,C,R,X,X,X,X,P,X,X,C,C,X,X,X,C,X,X,X,C,X,X,P,X,C,R,P,X,R,P,C,C,X,X,X,X,X,C,X,X,X,X,P,X,R,P,X,X,X,X,X,C,R,R,R,X,X,X,X,X,X,X,X,X,X,X,P,X,X,X,P,R,X,X,R,C,X,X,X,P,X,C,X,X,X,R,X,X,X,X,R,X,R,R,P,R,X,P,X,X,P,R,C,R,X,X,X,X,X,R,P,P,X,P,X,X,X,P,X,X,C,X,P,X,X,X,X,X,X,P,C,X,C,P,X,X,R,X,X,X,X,X,22,20,23,65
6,7,7,X,X,X,C,C,X,X,X,X,C,X,X,C,X,P,X,P,P,C,X,X,C,X,X,R,X,X,X,R,R,C,X,P,X,R,X,X,P,C,X,X,X,C,X,X,X,C,X,X,C,X,R,P,R,X,C,R,C,R,X,X,X,X,X,C,X,X,X,X,R,X,P,C,X,X,X,X,R,C,R,X,X,X,X,C,X,X,X,X,X,X,X,X,R,X,X,X,X,C,X,X,P,C,X,X,X,P,X,R,X,X,X,C,X,X,X,X,R,X,P,R,X,X,X,R,X,X,C,R,X,R,X,X,X,X,X,R,X,X,R,P,X,X,X,R,X,X,P,X,R,X,X,X,X,X,X,X,C,X,C,P,X,X,P,X,X,X,X,X,23,22,14,59
7,8,8,X,X,C,C,R,X,X,X,P,C,X,P,C,P,X,X,C,R,C,X,X,C,R,X,C,X,X,P,R,P,C,R,X,X,C,X,R,P,C,X,X,X,C,X,X,X,R,X,X,C,C,C,X,R,X,R,C,C,C,X,X,X,X,X,C,X,C,X,X,C,X,R,C,X,X,X,X,X,C,C,P,X,X,X,R,X,X,X,X,X,X,X,X,R,X,X,X,X,P,X,X,X,R,X,X,C,X,X,R,X,X,X,C,P,X,X,X,C,X,R,R,X,X,X,C,X,X,C,C,X,R,X,X,X,X,P,C,X,X,X,C,X,X,X,R,X,X,X,R,R,X,P,X,X,X,X,C,R,X,C,R,X,X,R,C,X,X,X,X,35,23,11,69
8,9,9,X,X,X,C,R,X,X,X,P,C,X,X,C,X,X,X,C,P,R,X,P,R,P,X,C,X,P,X,R,R,X,X,X,X,P,X,R,P,C,X,X,X,C,X,X,X,R,X,X,C,X,C,X,C,X,R,R,C,R,X,X,X,X,X,C,X,X,X,X,R,X,R,X,X,X,X,X,C,C,R,P,X,X,X,C,X,X,X,X,X,R,X,X,R,X,X,X,X,R,X,X,C,R,X,X,X,X,X,R,X,X,X,P,P,X,X,X,R,X,X,R,X,X,X,X,X,X,X,R,X,R,X,X,X,X,P,C,X,X,X,P,X,X,X,R,X,X,R,X,R,X,X,X,X,X,X,X,R,X,X,X,X,X,R,X,X,X,X,X,17,27,12,56
9,10,10,X,X,X,R,P,X,P,X,X,C,X,X,P,X,X,X,C,P,C,X,X,R,X,X,P,X,P,X,X,P,X,X,X,X,P,X,C,R,C,X,X,X,C,X,X,X,R,X,X,P,X,P,P,R,X,R,P,C,P,X,X,X,X,X,C,X,X,X,X,X,X,X,P,X,X,X,X,C,C,C,R,X,X,X,X,X,X,X,X,X,P,X,X,P,X,X,X,X,R,X,X,P,C,X,X,X,X,X,R,X,X,X,X,X,X,X,X,R,X,X,R,X,P,X,P,X,X,X,R,X,P,X,X,X,X,X,R,X,X,X,C,X,X,X,R,X,X,X,X,R,X,X,X,X,X,X,R,R,X,R,P,X,X,R,X,X,X,X,X,13,19,21,53
10,11,14,X,X,X,C,C,X,P,X,R,C,X,X,P,X,P,X,P,C,C,X,X,C,P,X,C,R,X,R,C,R,C,X,X,X,P,X,X,R,C,X,X,X,C,X,X,X,P,X,X,P,C,P,C,C,X,P,P,C,C,X,X,X,X,X,C,X,X,X,X,C,P,R,X,X,X,X,X,R,C,C,R,P,X,X,X,X,X,X,X,X,C,X,X,P,X,X,X,X,R,X,X,C,C,X,X,X,X,X,C,X,R,X,R,X,X,X,P,C,X,P,C,X,R,X,P,P,X,C,R,X,R,X,X,X,X,X,R,X,X,X,R,X,X,X,P,X,X,X,X,P,X,X,X,X,X,X,R,R,X,R,P,X,X,C,P,X,X,X,X,28,19,22,69
11,12,11,X,X,X,P,X,X,X,X,X,C,X,C,C,X,P,X,X,X,C,X,X,R,X,X,P,C,P,X,R,R,X,X,X,X,X,X,X,P,R,X,X,X,C,X,X,X,C,X,X,R,R,R,X,C,X,C,P,C,R,X,X,X,X,X,C,X,X,X,X,R,X,R,R,X,X,X,X,R,P,R,R,C,X,X,X,X,X,X,X,X,X,X,X,P,X,X,X,C,P,X,X,P,C,X,X,X,X,X,R,X,R,X,P,X,X,X,X,P,X,P,R,X,C,X,X,P,X,X,C,X,R,X,X,X,X,X,R,X,X,X,R,X,X,X,X,X,X,X,R,R,X,X,X,X,X,X,C,X,X,P,X,X,X,P,X,X,X,X,X,17,22,16,55
12,13,13,X,X,X,C,R,X,X,X,P,C,C,P,P,X,R,X,P,R,C,X,X,C,X,X,C,X,P,X,R,R,C,X,X,X,R,X,X,R,C,X,X,X,C,X,X,X,C,X,X,P,X,C,P,P,X,C,P,C,P,X,X,X,X,X,C,X,X,X,X,P,X,C,X,X,X,X,X,C,R,R,R,C,X,X,X,X,X,X,C,X,X,X,X,C,X,X,X,X,C,X,X,C,R,X,X,X,X,X,P,X,X,X,C,X,X,X,X,R,X,R,C,X,P,X,R,X,X,X,R,X,C,X,X,X,X,X,C,X,C,X,R,P,X,X,P,X,X,R,X,R,P,X,X,X,X,X,P,C,X,C,P,X,X,C,X,X,X,X,X,29,18,18,65
13,14,12,X,X,X,R,C,X,R,X,X,R,P,X,R,X,P,X,P,P,P,X,X,P,X,X,P,X,X,X,P,X,X,X,X,X,R,X,X,R,R,X,X,X,C,X,X,X,C,X,X,P,X,C,X,P,X,P,X,C,R,X,X,X,X,X,C,X,X,X,X,P,P,X,P,X,X,X,X,P,X,X,X,C,X,X,X,X,X,X,X,X,P,X,X,R,X,X,X,X,P,X,X,R,R,X,X,X,X,X,C,X,X,X,X,X,X,X,X,P,X,X,C,X,X,X,P,X,X,X,P,X,R,X,X,X,X,X,C,X,X,R,C,X,X,X,R,X,X,X,X,P,X,X,X,X,X,X,R,P,X,R,X,X,X,P,X,X,X,X,X,11,16,23,50
14,15,21,X,X,R,P,C,X,C,X,P,C,X,X,C,X,C,X,C,R,C,X,X,C,X,X,C,R,R,C,C,R,C,X,R,X,C,X,X,R,C,X,X,X,C,X,X,X,C,X,X,C,R,C,C,C,P,C,R,C,C,X,X,X,X,X,C,X,X,X,P,R,C,C,P,X,X,X,X,C,C,C,C,R,X,X,X,X,X,X,X,X,C,X,X,C,X,X,X,X,C,X,X,C,C,X,X,X,X,X,R,X,X,X,C,R,X,R,X,C,X,R,C,X,R,X,C,R,X,C,C,R,C,X,X,X,X,X,C,X,P,X,C,X,X,X,P,X,X,C,X,C,X,X,X,X,X,X,C,C,X,C,C,X,X,C,X,X,X,X,X,51,18,7,76
15,16,20,X,X,X,R,C,X,R,X,R,C,C,X,R,X,C,X,P,R,C,X,X,C,P,X,C,X,P,X,C,R,X,X,X,X,R,X,R,R,C,X,X,X,C,X,X,X,C,X,X,C,X,C,C,P,X,C,P,C,R,X,X,X,X,X,C,X,X,X,P,R,R,C,X,X,X,X,X,C,C,C,R,C,X,X,X,X,X,X,C,X,R,X,X,C,X,X,X,R,C,X,X,C,C,X,X,X,X,X,R,X,X,X,R,R,X,X,X,C,X,C,R,X,C,X,C,C,X,C,C,X,C,X,X,X,X,X,C,R,X,R,C,X,X,X,P,X,R,R,X,R,X,X,X,X,X,X,R,C,X,C,X,X,X,C,X,X,X,X,X,40,25,7,72
16,17,19,X,X,X,P,P,X,C,X,P,C,X,X,P,X,P,X,R,R,R,X,X,P,P,X,R,X,P,X,C,X,X,X,X,X,R,X,X,X,P,X,X,X,R,X,X,X,R,X,X,R,C,C,C,R,X,P,R,P,C,X,X,X,X,X,C,X,X,X,X,P,X,X,X,X,X,X,X,R,X,C,R,C,X,X,X,X,X,X,X,X,X,X,X,R,X,X,X,X,X,X,X,R,C,X,X,X,X,X,R,X,X,X,C,X,X,X,X,R,X,P,R,X,X,X,R,X,X,X,C,X,R,X,X,X,X,X,P,X,X,C,P,X,X,X,P,X,X,X,X,X,X,X,X,X,X,X,C,R,P,R,X,X,X,R,P,X,X,X,X,15,22,18,55
17,18,18,X,X,X,X,X,X,X,X,R,C,X,P,X,X,X,X,X,X,R,X,X,P,C,X,P,X,P,P,X,C,X,X,X,X,P,X,P,P,C,X,X,X,P,X,X,X,C,X,X,P,X,X,X,P,X,R,R,C,X,X,X,X,X,X,C,X,X,X,X,R,X,R,P,X,X,X,X,R,C,C,R,X,X,X,X,X,X,X,X,X,X,X,X,P,X,X,X,X,P,X,X,P,R,X,X,P,X,X,C,X,X,X,R,R,X,X,X,R,P,P,C,X,X,X,R,X,X,X,R,X,P,X,X,X,X,X,R,X,X,X,X,X,X,X,P,X,X,X,R,R,X,X,X,X,X,X,X,C,X,R,X,X,X,C,R,X,X,X,X,13,19,20,52
18,19,17,X,X,X,C,C,X,X,X,R,C,R,C,C,X,X,X,R,X,C,X,X,R,X,X,C,X,P,P,X,P,X,P,X,X,C,X,X,R,C,X,X,X,R,X,X,X,C,X,X,C,X,C,X,C,X,C,X,C,C,X,X,X,X,X,C,X,X,X,X,P,X,R,X,X,X,X,X,X,X,C,P,X,X,X,C,X,X,X,X,X,X,X,X,R,X,X,X,R,C,X,X,C,C,X,X,P,X,X,C,X,X,X,X,X,X,X,X,P,X,P,R,X,X,X,C,X,X,P,C,X,R,X,X,X,X,X,C,X,X,X,X,X,X,X,R,X,X,X,R,C,X,X,X,X,X,X,X,R,X,X,P,X,X,R,X,X,X,X,X,27,15,11,53
19,20,16,X,X,C,C,X,X,X,X,R,C,X,C,P,X,X,X,C,P,C,X,C,X,C,X,R,X,C,X,X,P,X,X,X,X,X,X,P,R,C,X,X,X,C,X,X,X,C,X,X,P,X,C,X,C,X,C,P,C,X,X,X,X,X,X,C,X,X,X,X,R,P,X,R,X,X,X,X,X,C,C,P,X,X,X,X,X,X,X,X,X,C,X,X,P,X,X,P,X,P,X,X,C,C,X,X,X,X,X,R,X,X,X,X,R,X,X,X,C,X,X,R,X,X,X,P,X,X,C,C,X,P,X,X,X,X,R,R,X,X,X,R,X,X,X,C,X,X,X,P,P,X,X,X,X,X,X,X,R,X,C,X,X,X,P,X,X,X,X,X,27,12,16,55
20,21,15,P,X,C,R,C,X,X,X,C,C,X,X,C,R,P,P,C,P,C,X,C,C,C,X,C,X,C,R,R,R,C,C,R,X,R,X,C,C,C,X,X,X,C,X,X,X,X,X,X,C,X,C,X,X,X,C,R,C,R,X,X,X,X,X,C,X,X,X,P,P,X,R,C,X,C,X,X,C,C,C,X,X,X,X,X,X,X,X,C,P,P,X,X,C,X,X,X,X,P,X,X,X,C,C,R,R,X,X,C,R,R,X,R,C,X,X,P,C,X,X,C,X,X,X,X,P,X,C,C,X,R,X,X,X,X,R,C,X,X,X,C,X,C,X,C,X,X,X,X,C,X,X,X,X,X,R,X,R,X,X,X,X,C,C,R,X,X,X,X,45,20,11,76
21,22,22,X,X,X,P,R,X,X,X,X,C,X,X,C,R,X,P,C,C,C,X,P,C,C,X,C,X,R,R,P,R,X,X,X,X,X,X,C,R,C,X,X,X,C,X,X,X,C,X,X,P,C,C,P,C,X,C,P,C,P,X,X,X,X,X,P,X,X,X,X,P,X,P,R,X,X,X,X,R,C,C,X,X,X,X,X,X,X,X,R,X,R,X,X,R,X,X,C,X,P,C,X,R,R,X,X,C,X,X,C,X,P,X,P,R,X,X,X,R,P,P,R,X,X,X,P,X,X,R,C,X,C,X,X,X,X,P,C,X,X,R,C,P,R,X,C,X,X,X,P,R,X,X,X,X,X,R,C,C,X,R,P,X,C,P,P,X,X,X,X,31,22,23,76
22,23,23,X,X,X,R,R,X,X,X,R,C,X,X,C,X,X,P,C,P,C,X,P,C,C,X,C,X,C,P,P,C,X,P,X,X,P,P,R,R,C,X,X,X,C,X,X,X,R,X,X,C,X,R,X,C,X,C,R,C,C,X,X,X,X,X,C,X,X,X,X,R,X,P,R,X,X,X,X,R,C,C,R,X,X,X,R,X,X,X,X,X,X,X,X,R,X,X,P,X,R,X,X,R,C,X,X,C,X,X,C,X,P,X,X,R,X,X,X,C,R,P,C,X,X,X,R,X,P,C,C,X,R,X,X,X,X,R,R,X,X,R,R,X,X,X,C,X,X,X,X,R,X,X,X,X,X,R,P,C,X,R,P,X,X,R,R,X,C,X,X,29,29,15,73
23,24,24,X,X,X,R,P,X,X,X,R,C,X,X,C,X,X,P,C,P,C,X,R,C,R,X,C,X,R,X,R,R,X,P,X,X,R,X,R,R,C,X,X,X,C,X,X,X,R,X,X,P,X,P,X,P,X,C,R,C,X,X,X,X,X,X,C,X,X,X,X,P,X,R,X,X,X,X,X,C,C,C,R,X,X,X,P,X,X,X,X,X,X,X,X,R,X,X,X,X,C,X,X,R,R,X,X,X,X,X,R,X,P,X,P,P,X,X,P,R,X,X,R,X,X,X,C,X,X,X,R,X,R,X,X,X,X,X,C,X,X,X,X,X,X,X,R,X,X,R,X,X,X,X,X,X,X,X,X,R,X,R,P,X,X,R,R,X,X,X,X,17,28,14,59
24,25,25,X,X,X,P,P,X,C,X,X,R,X,X,P,X,X,X,R,P,C,X,X,C,X,X,P,X,X,X,C,P,X,X,X,X,P,X,X,P,R,X,X,X,C,X,X,X,R,X,X,P,X,C,X,P,X,C,C,C,P,X,X,X,X,X,R,X,X,X,X,P,X,X,P,X,X,X,X,R,R,R,X,R,X,X,X,X,X,X,C,X,P,X,X,P,X,X,P,X,C,X,X,P,C,X,X,X,X,X,R,X,X,X,X,X,X,X,X,R,X,P,R,X,X,X,C,P,P,X,R,X,R,X,X,X,X,X,C,X,X,X,R,X,X,X,C,X,X,P,R,R,X,X,X,X,X,X,R,C,X,R,P,X,X,P,R,X,X,X,X,16,20,23,59
25,26,26,X,X,X,C,R,X,R,X,X,C,X,X,C,X,R,X,C,R,C,X,X,C,R,X,C,X,X,X,R,R,C,X,X,X,R,X,X,R,P,X,X,X,C,X,X,X,C,X,X,C,X,C,P,C,X,C,R,C,R,X,X,X,X,X,C,X,X,X,X,R,R,P,P,X,X,X,X,X,P,R,X,R,X,X,X,X,X,X,X,X,C,X,X,R,X,X,X,R,C,X,X,R,C,X,X,X,X,X,R,X,X,X,R,P,X,X,X,R,X,P,C,X,C,X,C,R,X,X,R,X,R,X,X,X,X,X,C,X,X,X,C,X,X,X,X,X,X,R,X,R,X,X,X,X,X,X,C,C,X,R,P,X,X,C,X,X,X,X,X,27,27,8,62
26,27,27,X,X,P,C,R,X,C,X,X,C,R,X,C,X,C,X,R,C,C,X,X,C,P,X,C,R,X,X,C,R,P,X,X,X,R,X,R,R,C,X,X,X,C,X,X,X,C,X,X,C,X,C,P,C,R,R,R,C,C,X,X,X,X,X,C,X,X,X,X,R,C,R,R,X,X,X,X,C,C,C,C,R,X,X,X,X,X,X,C,X,C,X,X,C,X,X,X,C,C,X,X,C,C,X,X,X,X,X,X,X,X,X,C,R,X,X,X,C,X,R,C,C,C,X,C,R,X,C,C,X,R,X,X,X,X,X,C,X,P,X,C,X,X,X,R,X,X,C,X,R,X,X,X,X,X,X,C,C,X,C,R,X,X,C,X,X,X,X,X,46,22,5,73
27,28,28,X,P,C,C,R,C,P,X,P,C,R,R,C,X,C,X,X,C,C,X,X,C,X,X,R,X,R,X,C,R,C,X,X,X,P,X,X,C,R,X,X,X,C,X,R,X,R,X,X,R,X,C,R,C,C,C,R,C,X,X,X,X,X,X,C,X,X,X,X,P,R,P,R,X,X,X,X,C,R,R,R,C,X,R,X,X,X,X,X,X,C,C,C,R,C,X,X,C,R,X,X,C,C,X,X,X,X,X,R,X,X,X,X,X,X,X,X,C,X,P,C,P,C,X,C,C,X,X,P,X,R,X,X,X,X,X,C,R,R,R,R,X,X,X,R,X,R,C,X,R,X,X,X,X,C,X,C,C,R,C,X,X,X,C,X,X,X,X,X,40,30,9,79
28,29,29,X,X,X,R,P,X,X,X,X,C,X,X,X,X,P,X,X,X,R,X,X,R,X,X,X,X,X,X,X,X,C,X,X,X,X,X,X,P,P,X,X,X,C,X,X,X,R,X,X,X,X,X,X,X,X,R,X,C,X,X,X,X,X,X,C,X,X,X,X,P,X,C,X,X,X,X,X,R,C,P,X,X,X,X,X,X,X,X,X,X,C,X,X,R,X,X,X,X,P,X,X,R,C,X,X,X,X,X,X,X,X,X,X,X,X,X,X,X,X,X,R,R,C,X,P,R,X,X,X,X,P,X,X,X,X,X,R,X,R,P,R,X,X,X,R,X,X,X,X,X,X,X,X,X,X,X,X,P,X,R,X,X,X,P,X,X,X,X,X,10,16,12,38
29,30,30,X,X,X,P,P,X,C,X,C,P,X,X,R,X,X,X,C,P,R,X,R,R,P,X,X,X,P,P,X,R,X,P,X,X,R,X,P,R,C,X,X,X,C,X,X,X,R,X,X,P,X,C,X,C,X,C,P,C,P,X,X,X,X,X,R,X,C,X,X,R,X,R,P,X,X,X,X,R,C,R,X,X,X,X,X,X,X,X,X,X,R,X,X,R,X,X,X,X,P,X,X,X,C,X,X,P,X,X,C,X,C,X,X,C,X,X,P,R,X,X,C,X,X,X,P,X,X,X,R,X,R,X,X,X,X,P,C,X,X,R,C,X,X,X,C,X,X,X,X,R,X,X,X,X,X,X,X,C,X,C,X,X,X,P,X,X,X,X,X,21,20,19,60
30,31,31,X,X,X,P,P,X,X,X,C,C,X,X,C,X,P,X,R,X,R,X,X,C,R,X,R,X,P,P,X,C,X,P,X,X,C,X,R,R,C,X,X,X,C,X,X,X,P,X,X,P,X,C,X,C,X,C,R,C,P,X,X,X,X,X,R,X,X,X,X,R,X,P,P,X,X,X,X,C,C,R,X,X,X,X,P,X,X,X,X,X,C,X,X,R,X,X,X,X,C,X,X,P,C,X,X,X,X,X,C,C,X,X,R,P,X,X,X,R,C,X,P,X,X,X,C,X,P,C,C,X,R,X,X,X,X,X,C,X,X,C,P,X,X,X,C,X,X,X,X,P,X,X,X,X,X,X,P,P,X,P,X,X,X,C,P,X,X,X,X,27,14,22,63
31,32,37,X,X,X,R,C,X,X,X,X,C,X,P,P,X,P,X,X,X,C,X,X,C,X,X,X,X,X,X,C,X,C,X,P,X,X,X,X,P,X,X,X,X,P,X,X,X,P,X,X,P,X,C,X,X,X,P,X,C,X,C,X,X,X,X,C,X,X,X,X,X,R,X,X,X,X,X,X,P,R,X,R,X,X,X,X,X,X,X,X,X,R,X,X,R,X,X,X,X,C,X,X,C,C,X,X,X,C,X,X,X,X,X,X,X,X,X,X,X,X,X,R,R,R,X,P,P,X,X,P,X,P,X,X,X,X,X,C,X,X,P,R,X,X,X,X,X,R,R,X,P,X,X,X,X,X,X,R,X,X,C,X,X,X,R,X,X,X,X,X,16,14,16,46
32,33,32,X,X,X,X,P,X,P,X,C,C,X,C,X,C,X,X,R,P,C,X,R,R,C,X,R,R,X,P,P,C,X,P,X,X,C,X,R,P,R,X,X,X,C,X,X,X,R,X,X,R,P,C,P,C,X,C,R,C,R,X,X,X,X,X,R,X,X,X,X,R,X,C,R,X,X,X,X,R,C,R,P,X,X,X,P,X,X,X,R,X,X,X,X,X,X,X,X,X,R,X,X,R,R,X,X,P,X,X,R,X,X,X,R,R,C,X,X,C,C,X,C,X,X,X,R,X,R,R,R,X,R,X,X,X,X,X,R,X,X,R,P,X,X,X,R,X,X,X,X,R,X,R,X,X,X,X,X,R,X,R,R,X,X,R,C,X,X,X,X,20,37,13,70
33,34,33,X,X,X,P,P,X,X,X,X,C,X,X,P,X,X,X,X,X,C,X,P,R,X,X,P,X,P,X,P,P,X,X,R,X,X,X,P,P,C,X,X,X,C,X,X,X,P,X,X,X,X,P,X,X,X,R,X,C,X,X,X,X,X,X,R,X,C,X,X,X,X,X,X,X,X,X,X,C,C,P,X,X,X,X,X,X,X,X,X,X,X,X,X,P,X,X,X,X,P,X,X,P,C,X,X,X,X,X,C,X,P,X,X,X,X,X,X,R,X,X,P,X,X,X,P,X,X,X,P,X,R,X,X,X,X,X,C,X,X,X,P,X,X,X,P,X,X,X,X,X,X,X,X,X,X,X,X,P,X,X,X,X,X,P,X,X,X,X,X,11,6,24,41
34,35,36,X,X,X,R,X,X,X,X,X,C,X,X,X,X,X,X,X,X,C,X,X,C,X,X,X,X,X,X,X,X,X,X,X,X,X,X,X,R,R,X,X,X,C,X,R,X,R,X,X,C,X,X,X,X,C,R,X,C,X,X,X,X,X,X,C,X,X,X,C,X,X,C,X,X,X,X,X,C,R,C,C,X,X,X,X,X,X,X,X,X,X,X,X,C,X,X,X,X,C,X,X,C,C,X,X,X,X,X,X,X,X,X,X,X,X,P,X,X,X,C,X,R,R,X,X,X,X,X,X,X,R,X,X,X,X,X,C,X,X,X,X,X,X,X,X,X,X,X,X,R,X,X,X,X,X,X,P,C,X,X,R,X,X,R,X,X,X,X,X,20,13,2,35
35,36,34,X,X,X,C,X,X,P,X,X,C,X,C,C,X,P,X,R,R,C,X,X,C,X,X,P,X,R,P,X,P,X,X,X,X,P,X,P,X,R,X,X,X,R,X,X,X,C,X,X,R,C,R,P,R,R,C,R,C,C,X,X,X,X,X,C,X,X,X,X,R,X,R,R,X,X,X,X,R,R,R,R,P,X,X,P,X,X,X,X,X,R,X,X,R,X,X,X,X,R,X,X,C,R,X,X,P,X,X,R,X,X,X,R,X,X,X,X,P,X,R,C,X,C,X,P,X,X,C,C,X,R,X,X,X,X,X,C,X,X,X,R,X,X,X,R,X,X,P,X,R,X,X,X,X,X,X,C,C,X,R,R,X,X,C,X,X,X,X,X,21,30,14,65
36,37,35,X,X,X,R,X,X,X,X,X,C,X,X,X,X,X,X,X,X,R,X,X,R,X,X,X,X,X,X,X,X,X,X,X,X,X,X,X,X,R,X,X,X,P,X,X,X,X,X,X,C,X,X,X,X,X,R,X,C,X,X,X,X,X,X,R,X,X,X,P,X,X,X,X,X,X,X,X,R,R,P,X,X,X,X,X,X,X,X,X,X,X,X,X,R,X,X,X,X,R,X,X,R,X,X,X,X,X,X,X,X,X,X,X,X,X,X,X,X,X,X,R,X,P,X,X,X,X,X,X,X,X,X,X,X,X,X,R,X,X,X,P,X,X,X,X,X,X,P,X,X,X,X,X,X,X,X,X,P,X,X,X,X,X,X,X,X,X,X,X,3,13,7,23
37,38,38,X,X,X,C,R,X,X,X,R,C,X,X,R,X,X,X,C,C,C,X,P,C,P,X,C,X,X,R,X,P,X,R,X,X,R,X,C,X,C,X,X,X,R,X,X,X,R,X,X,R,C,P,X,R,X,C,R,C,X,X,X,X,X,X,C,X,X,X,X,R,X,X,P,X,X,X,X,R,C,R,X,X,X,X,X,X,X,X,P,X,X,X,X,X,X,X,X,X,C,X,X,X,C,X,X,X,X,X,R,X,X,X,R,P,X,X,X,R,P,X,R,X,X,X,P,X,X,P,C,X,R,X,X,X,X,X,R,X,X,X,X,X,X,X,R,X,X,X,R,C,X,X,X,X,X,X,X,R,P,P,R,X,X,R,P,X,X,X,X,18,25,13,56
38,39,39,R,X,P,C,R,X,X,X,R,C,X,X,R,P,X,P,C,R,C,X,P,C,R,X,R,X,X,P,R,R,X,P,X,X,P,X,R,R,C,X,X,X,C,X,X,X,R,X,X,P,C,R,X,C,X,R,R,C,P,X,X,X,X,X,C,X,X,X,X,R,X,R,P,X,X,X,X,P,R,R,P,X,X,X,C,X,X,X,P,X,X,X,X,R,X,X,X,X,P,X,X,R,C,X,X,P,X,X,C,X,P,X,X,P,X,X,X,C,X,X,R,X,X,X,R,X,X,X,R,X,C,X,X,X,X,R,C,X,X,X,P,X,X,X,R,X,X,R,X,R,X,X,X,X,X,X,R,C,X,C,X,X,X,R,C,X,X,X,X,20,30,18,68
39,40,40,X,X,X,P,X,X,X,X,C,C,X,X,P,X,X,C,R,X,R,X,R,R,C,X,R,R,P,R,X,R,X,X,X,X,P,C,R,P,R,X,X,X,R,X,X,X,R,X,X,R,X,R,X,R,X,R,C,P,R,X,X,X,X,X,R,X,X,X,X,C,X,X,P,X,X,X,X,X,R,R,P,X,X,X,C,X,X,X,R,X,P,X,X,P,X,X,X,X,R,X,X,P,C,P,X,X,X,X,R,X,R,X,X,P,X,X,R,C,X,P,R,X,X,X,R,X,X,X,R,X,R,X,P,X,X,X,C,X,X,X,P,X,X,X,R,X,X,X,X,P,X,X,X,X,X,X,X,R,X,P,R,X,X,R,R,X,X,X,X,11,34,18,63
40,41,41,X,X,X,P,R,X,P,X,P,C,X,P,P,X,P,P,X,P,C,X,R,R,X,X,P,X,P,R,X,X,C,X,X,X,P,X,X,P,C,X,X,X,P,X,X,X,R,X,X,R,X,R,P,R,R,C,R,P,X,X,X,X,X,X,R,X,X,X,C,X,R,C,X,X,X,X,X,X,C,R,X,X,X,X,X,X,X,X,P,X,P,X,X,P,X,X,X,X,R,X,X,R,C,X,X,X,X,X,R,X,R,X,X,X,X,X,R,R,X,C,C,X,R,X,X,C,X,C,P,X,R,X,X,X,X,X,R,X,P,C,C,X,X,X,R,X,X,X,X,P,X,X,X,X,X,X,C,P,X,R,C,X,X,P,P,X,X,X,X,17,24,24,65
41,42,42,X,X,X,P,P,X,C,X,X,C,R,X,X,X,X,X,X,X,P,X,X,R,X,X,X,X,X,X,P,X,X,X,X,X,X,X,X,X,P,X,X,X,R,X,X,X,P,X,X,X,X,X,C,P,X,P,P,C,X,X,X,X,X,X,R,X,X,X,X,X,X,X,X,X,X,X,X,P,P,P,X,X,X,X,X,X,X,X,X,X,X,X,X,R,X,X,X,X,P,X,X,P,P,X,X,X,X,X,P,X,X,X,R,P,X,X,X,P,X,C,R,X,C,X,P,X,X,X,P,X,R,X,X,X,X,X,R,X,X,X,P,X,X,X,X,X,X,X,X,X,X,X,X,X,X,X,X,P,X,P,P,X,X,P,X,X,X,X,X,6,9,25,40
42,43,43,X,X,X,P,P,X,C,X,X,C,X,X,X,X,X,X,X,X,X,X,X,R,X,X,R,X,X,X,X,R,X,X,X,X,X,X,X,C,R,X,X,X,R,X,R,X,R,X,X,C,X,R,X,X,X,R,X,C,X,X,X,X,X,X,R,X,X,X,X,X,X,X,X,X,X,X,X,R,C,R,X,C,X,X,X,X,X,X,X,X,P,X,X,P,C,X,X,X,R,X,X,C,R,X,X,X,X,X,X,X,X,X,X,X,X,X,X,X,X,X,C,R,R,X,P,X,X,X,R,X,P,X,X,X,X,X,C,X,X,X,R,X,X,X,X,X,X,P,X,P,X,X,X,X,P,X,P,R,X,R,X,X,X,R,X,X,X,X,X,11,21,10,42
43,44,44,X,X,X,X,X,X,C,X,X,C,X,X,X,X,X,X,X,X,R,X,X,C,X,X,X,X,X,X,X,X,X,X,X,X,X,X,X,R,X,X,X,X,R,X,C,C,X,X,X,X,X,P,X,X,X,P,X,C,X,X,X,X,X,X,X,X,X,X,X,X,X,X,X,X,X,X,X,C,C,X,X,C,X,X,X,X,X,X,X,X,R,X,X,X,X,X,X,P,C,X,X,C,X,X,X,X,X,X,X,X,X,X,X,X,X,X,X,X,X,X,R,X,C,X,X,C,X,X,X,X,X,X,X,X,X,X,R,X,X,X,X,X,X,X,X,X,X,X,X,X,X,X,X,X,X,X,X,X,X,C,X,X,X,R,X,X,X,X,X,14,7,3,24
44,45,45,X,X,X,R,R,X,X,X,X,C,X,X,X,X,X,X,X,X,C,X,X,C,X,X,X,X,X,X,X,X,X,X,R,X,X,X,X,X,P,X,X,X,R,X,X,X,C,X,X,R,X,X,X,X,X,C,X,C,X,X,X,X,X,X,C,X,X,X,X,X,P,P,X,X,X,X,X,R,C,P,X,C,X,X,X,X,X,X,X,X,C,X,X,R,R,X,X,X,C,X,X,R,C,X,X,X,X,X,X,X,X,X,X,P,X,X,X,P,X,R,C,P,R,X,X,C,X,X,X,X,X,X,X,X,X,X,C,X,X,X,P,X,X,X,X,X,X,X,X,P,X,X,X,X,X,X,X,C,X,C,X,X,X,C,X,X,X,X,X,18,11,9,38
45,46,46,X,X,X,C,R,X,X,X,R,C,X,X,R,X,X,X,R,P,R,X,X,R,C,X,C,P,X,P,X,P,X,P,X,X,R,X,R,R,C,X,X,X,C,X,X,X,R,X,X,P,C,C,X,C,X,R,P,C,P,X,X,X,X,X,C,X,X,X,X,P,P,P,P,X,X,X,X,R,R,R,R,X,X,X,P,X,X,X,X,X,X,X,X,P,X,X,X,P,R,X,X,P,C,X,X,P,X,X,C,X,P,X,X,P,X,X,X,R,P,P,R,X,X,X,R,P,X,X,R,X,R,X,X,X,X,X,R,X,X,X,P,X,X,X,R,X,X,X,X,C,X,X,X,X,X,X,X,P,X,R,C,X,X,R,C,X,X,X,X,16,25,24,65
46,47,47,X,X,X,C,P,X,P,X,R,C,X,C,C,P,X,X,C,P,C,X,R,R,P,X,R,X,R,R,X,C,X,P,X,X,R,X,P,P,R,X,X,X,C,X,X,X,C,X,X,C,X,P,X,C,X,C,P,C,P,X,X,X,X,X,C,X,X,X,X,C,X,C,R,X,X,X,X,R,C,R,X,X,X,X,P,X,X,X,C,X,X,X,X,R,X,X,X,X,R,C,X,P,R,X,X,R,X,X,C,X,R,X,P,R,C,X,P,C,P,X,R,X,R,X,C,X,X,P,C,X,R,X,X,X,X,R,C,X,X,P,C,X,C,X,C,X,X,X,X,C,X,R,X,X,X,P,X,C,X,R,P,X,X,R,P,X,X,X,X,30,24,21,75
47,48,48,X,X,P,C,R,X,C,X,C,C,R,X,C,X,R,R,C,P,C,X,R,C,C,X,C,C,R,C,C,C,C,R,X,X,C,X,C,R,C,X,X,X,C,X,X,X,C,X,X,R,X,R,C,C,X,C,R,C,C,X,X,X,R,X,C,X,X,X,C,R,C,C,R,X,X,X,X,C,C,C,C,X,X,X,C,X,X,X,R,X,C,X,X,C,X,X,X,C,C,X,X,R,C,P,X,R,X,X,C,X,R,X,C,C,X,X,P,C,X,C,C,X,X,X,C,P,R,C,C,X,C,X,X,X,X,R,C,X,X,X,R,X,X,X,C,X,X,P,R,C,X,X,X,X,X,X,R,C,X,C,R,X,X,C,R,X,X,X,X,55,25,6,86
48,49,49,X,X,X,P,X,X,X,X,X,C,X,X,X,X,X,X,P,P,R,X,P,P,X,X,X,X,X,P,X,X,P,X,X,X,X,X,X,R,R,X,X,X,P,X,X,X,P,X,X,P,X,R,X,X,X,R,P,C,P,X,X,X,X,X,R,X,X,X,X,P,X,X,P,X,X,X,X,P,P,P,X,X,X,X,X,X,X,X,X,X,X,X,X,P,X,X,X,X,P,X,X,P,P,X,X,X,X,X,R,X,R,X,P,X,X,X,P,R,X,X,X,X,X,X,P,X,X,X,P,X,P,X,X,X,X,X,P,X,X,X,X,X,X,X,P,X,X,X,X,X,X,X,X,X,X,X,C,P,X,X,P,X,X,X,X,X,X,X,X,3,9,30,42
49,50,50,X,X,X,P,X,X,X,X,R,C,X,X,C,X,P,X,R,X,C,X,X,R,P,X,R,C,P,X,C,X,C,X,X,X,X,X,P,R,C,X,X,X,C,X,X,X,C,X,X,X,X,R,R,C,X,R,R,C,R,X,X,X,X,X,C,X,X,X,X,R,X,X,P,X,X,X,X,R,C,C,X,X,X,X,P,X,X,X,R,X,C,X,X,R,C,X,X,X,R,X,X,C,C,X,X,X,X,X,R,X,R,X,X,R,X,X,X,R,X,X,C,X,X,X,R,P,X,X,C,X,R,X,X,X,X,X,C,X,X,X,R,X,X,X,R,X,X,X,X,X,X,X,X,X,X,X,R,R,X,R,P,X,X,R,X,X,X,X,X,21,27,9,57
50,51,51,X,X,X,X,P,X,P,X,X,R,X,X,X,X,C,X,X,X,X,X,X,X,X,X,X,X,X,X,X,X,X,X,X,X,X,X,X,X,X,X,X,X,C,X,X,X,R,X,X,P,X,X,X,X,X,X,X,C,X,X,X,X,X,X,C,X,X,X,X,X,P,X,X,X,X,X,X,X,C,X,X,X,X,X,X,X,X,X,X,X,X,X,X,X,C,X,X,X,X,X,X,X,X,X,X,X,X,X,X,X,X,X,X,X,X,X,X,X,X,X,R,X,X,X,X,X,X,X,X,X,X,X,X,X,X,X,R,X,X,X,C,X,X,X,X,X,X,R,X,X,X,X,X,X,R,X,X,X,X,R,X,X,X,C,X,X,X,X,X,8,7,4,19
51,52,52,X,X,X,R,P,X,X,X,X,C,X,X,X,X,X,X,X,X,R,X,X,R,X,X,X,X,X,X,X,X,X,X,P,X,X,X,X,P,P,X,X,X,C,X,X,X,X,X,X,X,X,R,X,X,X,R,X,C,X,X,X,X,X,X,R,X,X,X,X,X,P,X,X,X,X,X,X,C,C,R,X,X,X,X,X,X,X,X,X,X,C,X,X,R,X,X,X,X,C,X,X,R,C,X,X,X,X,X,X,X,X,X,X,X,X,X,X,P,X,X,R,P,C,X,X,X,X,X,X,X,X,X,X,X,X,X,C,X,X,X,P,X,X,X,X,X,X,P,X,X,P,X,X,X,X,X,X,X,X,R,X,X,X,P,X,X,X,X,X,10,11,11,32
52,53,53,X,X,C,R,R,X,P,X,X,C,X,X,R,X,R,X,X,X,C,X,X,C,X,X,X,X,X,X,R,R,X,X,P,X,X,X,X,R,X,C,X,X,C,X,X,C,R,X,X,R,X,R,X,X,X,R,X,C,P,X,X,X,X,X,R,X,X,X,X,X,X,R,X,X,X,X,X,C,R,R,X,C,X,X,X,X,X,X,X,X,C,X,C,C,X,X,X,X,C,X,X,C,C,X,X,X,X,X,X,X,X,X,R,X,X,X,X,P,X,X,C,X,R,X,X,X,X,X,X,X,X,C,X,C,X,X,C,X,X,X,P,X,X,X,X,X,X,X,X,X,X,X,X,X,C,X,C,X,X,C,X,X,X,R,X,X,X,X,X,23,18,5,46
53,54,54,X,X,C,P,P,X,X,X,X,R,X,X,P,X,X,X,X,X,X,X,X,R,X,X,X,X,X,X,X,X,C,X,X,X,X,X,X,P,P,C,X,X,X,X,X,C,X,X,X,X,X,X,X,X,X,P,X,C,X,X,X,X,X,X,X,X,X,X,X,X,X,X,X,X,X,X,X,X,R,X,X,X,R,X,X,X,X,X,X,X,C,C,X,X,C,X,X,X,X,X,X,R,P,X,X,X,X,C,X,X,X,X,X,X,X,X,X,X,X,X,C,X,X,X,X,X,X,X,X,X,X,C,X,C,X,X,C,X,X,X,X,X,X,X,X,X,X,X,X,X,X,X,X,X,X,X,C,X,X,C,X,X,X,C,X,X,X,X,X,16,5,7,28
54,55,64,X,X,R,P,X,X,X,X,X,C,X,X,X,X,X,X,R,P,R,X,X,X,X,X,R,X,P,X,X,C,X,X,X,X,X,X,X,X,P,X,X,X,X,X,X,X,R,X,X,R,X,X,R,X,X,X,X,C,X,X,X,X,X,X,X,X,X,X,X,P,X,R,X,X,X,X,X,X,X,X,X,X,X,X,X,X,X,X,X,X,X,X,X,C,X,X,X,R,R,X,X,R,X,X,X,X,X,X,R,X,X,X,R,P,X,X,X,X,X,X,R,C,X,X,R,X,X,R,X,X,X,X,X,X,X,X,C,X,X,X,X,X,X,X,R,X,X,C,X,X,X,X,X,X,X,X,X,R,X,R,P,X,X,X,X,X,X,X,X,7,19,7,33
55,56,55,X,X,X,C,C,X,X,X,R,C,X,C,C,X,P,X,R,P,C,X,P,C,R,X,C,X,P,P,P,R,P,X,P,X,R,X,R,P,C,X,P,X,C,X,X,X,C,C,X,P,X,C,X,C,X,R,R,C,P,X,X,X,X,X,C,X,X,X,X,R,R,P,R,X,X,X,X,C,C,C,X,X,X,X,R,X,X,X,P,X,C,X,X,R,X,X,X,R,R,X,X,C,C,X,X,P,X,X,C,X,P,X,X,R,X,X,X,C,P,P,C,X,X,X,P,C,P,X,R,X,R,X,X,X,X,X,C,X,P,R,C,X,X,X,R,X,X,C,R,P,R,X,X,X,X,X,X,C,X,C,P,X,X,R,R,X,X,X,X,31,24,23,78
56,57,63,X,X,C,C,R,X,R,X,C,C,X,X,C,X,R,X,X,R,C,X,X,C,X,X,X,P,X,X,C,C,X,X,C,X,R,X,X,R,C,X,X,X,C,X,X,X,C,X,X,C,X,C,X,P,X,C,C,C,C,X,X,X,X,X,C,X,X,X,C,R,P,R,X,X,X,X,X,C,C,C,X,C,X,X,X,X,X,X,X,X,C,X,X,C,C,X,X,R,C,X,X,C,C,X,X,X,R,X,X,X,X,X,X,C,X,X,X,R,X,X,C,C,C,X,C,C,C,R,R,X,R,X,X,C,X,X,C,X,X,X,C,X,X,X,R,X,X,C,X,C,C,X,X,X,R,X,X,X,X,C,C,X,X,C,X,X,X,X,X,47,16,3,66
57,58,56,P,X,X,C,R,X,C,X,C,C,X,X,C,R,R,X,C,R,C,X,P,C,C,X,C,R,R,C,R,C,R,C,X,X,P,X,C,R,C,X,C,X,C,X,X,X,C,X,X,R,C,R,C,C,X,C,C,C,R,X,X,X,X,X,C,X,X,X,R,P,P,P,C,X,X,P,X,C,C,C,X,P,X,X,P,X,X,X,R,X,R,X,X,R,X,X,X,X,R,X,X,C,C,X,X,R,X,X,C,X,R,X,R,P,X,X,X,C,P,P,C,X,R,X,C,X,R,C,C,X,C,X,X,X,X,P,R,X,X,X,C,X,X,X,R,X,X,X,P,R,X,X,X,X,X,X,X,C,C,C,P,X,X,C,P,X,X,X,X,43,25,16,84
58,59,62,X,X,C,C,C,X,X,X,R,C,X,X,C,X,C,X,X,R,C,X,X,C,X,X,C,X,X,X,R,C,X,X,C,X,R,X,X,R,R,X,X,X,C,X,X,X,R,X,X,C,X,C,X,X,R,C,R,C,P,X,X,X,X,X,C,X,X,X,X,C,C,C,X,X,X,X,X,C,C,C,X,C,X,X,X,X,X,X,X,X,C,X,X,C,C,X,X,X,C,X,X,C,C,X,X,X,C,X,X,X,X,X,R,C,X,X,X,C,X,X,C,C,C,X,C,C,R,X,R,X,C,X,X,C,X,X,C,X,X,X,C,X,X,X,X,X,X,C,X,R,R,X,X,X,X,X,C,R,X,C,R,X,X,C,X,X,X,X,X,46,16,1,63
59,60,57,R,X,X,C,R,X,X,X,C,C,X,P,R,C,P,X,R,C,C,X,P,R,X,X,C,X,P,P,C,C,X,P,P,X,X,X,P,P,C,X,X,X,C,X,X,X,R,X,X,C,X,P,X,C,X,C,C,P,C,X,X,X,X,X,C,X,X,X,P,R,X,C,R,X,X,X,X,R,P,C,X,X,X,X,X,X,X,X,C,X,X,X,X,R,X,X,X,X,P,X,X,P,C,X,X,R,X,X,C,X,C,X,C,X,X,R,X,C,X,P,R,X,X,X,R,C,X,R,C,X,C,X,X,X,X,P,C,X,X,X,R,X,X,X,R,X,X,X,P,C,P,X,X,X,X,X,X,C,P,C,P,X,R,C,C,X,X,X,X,34,18,21,73
60,61,61,X,X,P,C,R,X,X,X,X,C,X,X,R,X,X,X,X,X,R,X,X,C,X,X,X,X,X,X,R,R,C,X,C,X,X,X,X,R,R,X,X,X,C,X,X,X,R,X,X,C,X,C,X,X,C,C,P,C,P,X,X,X,X,X,C,X,X,X,X,P,R,X,X,X,X,X,X,C,C,R,X,X,X,X,X,X,X,X,X,X,R,X,C,C,X,X,X,X,C,X,X,C,C,X,X,X,X,C,X,X,X,X,X,X,X,X,X,X,X,C,C,R,C,X,X,X,X,X,X,X,X,X,X,P,X,X,C,X,X,X,R,X,X,X,X,X,X,X,X,X,X,X,X,X,X,X,X,X,X,R,X,X,X,C,X,X,X,X,X,25,14,5,44
61,62,58,X,X,X,P,X,X,X,X,R,C,X,X,C,X,X,X,P,X,R,X,X,C,X,X,P,X,X,X,R,R,C,X,X,X,P,X,X,R,R,X,X,X,C,X,X,X,R,X,X,X,X,R,X,R,X,R,R,P,R,X,X,X,X,X,C,X,X,X,P,R,X,X,P,X,X,X,X,R,P,R,X,X,X,X,X,X,X,X,X,X,C,X,X,R,X,X,X,X,P,X,X,R,C,X,X,X,X,X,R,X,C,X,R,X,X,X,X,R,X,X,C,X,X,X,R,R,X,X,R,X,R,X,X,X,X,R,C,X,X,X,P,X,X,X,R,X,X,X,X,R,X,X,X,X,X,X,X,R,X,R,X,X,X,R,X,X,X,X,X,11,30,10,51
62,63,60,X,X,C,R,R,X,C,X,X,C,X,X,X,X,X,X,X,X,C,X,X,C,X,X,X,X,X,X,R,X,X,X,X,X,X,X,X,X,P,X,X,X,C,X,X,X,P,X,X,P,X,P,X,X,X,C,P,C,P,X,X,X,X,X,R,X,X,X,X,X,X,X,X,X,X,X,X,R,P,X,X,R,X,X,X,X,X,X,X,X,R,X,X,R,X,X,X,X,C,X,X,C,P,X,X,X,X,X,X,X,X,X,R,X,X,X,X,X,X,C,C,X,X,X,X,R,X,X,P,X,X,X,X,X,X,X,R,R,X,X,C,X,X,X,X,X,R,X,X,P,X,X,X,X,X,X,C,X,X,R,X,X,X,P,X,X,X,X,X,14,14,11,39
63,64,59,X,X,C,C,R,X,R,X,C,C,R,X,C,X,C,R,R,R,C,X,R,C,X,X,C,C,C,R,C,C,X,R,X,X,R,X,R,C,C,X,X,X,R,X,X,X,R,X,X,R,X,C,R,C,X,C,R,C,C,X,X,X,C,X,C,X,X,X,X,R,P,R,R,X,X,X,X,C,C,X,R,C,X,X,R,X,X,X,R,X,C,X,X,R,X,X,X,C,C,X,X,C,C,X,X,P,X,X,C,X,C,X,R,R,X,X,R,C,X,R,C,X,X,X,C,C,X,C,C,X,C,X,X,X,X,X,C,X,X,X,C,X,X,X,R,X,X,C,R,R,X,X,X,X,X,X,C,C,X,C,R,X,X,C,C,X,X,X,X,47,31,2,80
64,65,75,X,X,X,X,X,X,X,X,X,R,X,X,P,X,X,X,X,X,X,X,X,P,X,X,X,X,X,X,X,X,X,X,X,X,X,X,X,X,X,X,X,X,X,X,X,X,P,X,X,X,X,X,X,X,X,X,X,X,X,X,X,X,X,X,C,X,X,X,X,X,X,X,X,X,X,X,X,X,X,X,X,X,X,X,X,X,X,X,X,X,X,X,X,X,X,X,X,X,X,X,X,X,X,X,X,X,X,X,X,X,X,X,X,X,X,X,X,X,X,X,P,X,X,X,X,X,X,X,X,X,X,X,X,X,X,X,P,X,X,X,X,X,X,X,X,X,X,X,X,X,X,X,X,X,X,X,X,X,X,X,X,X,X,X,X,X,X,X,X,1,1,5,7
65,66,74,X,X,P,C,C,X,X,R,R,C,C,X,C,X,X,X,X,P,C,X,X,P,X,X,R,X,X,X,R,X,C,X,R,X,X,X,X,P,C,X,X,X,C,X,X,C,C,X,X,R,X,R,X,X,P,C,P,C,X,X,X,X,X,X,C,X,X,X,R,R,P,X,X,X,X,X,X,C,C,R,X,C,X,X,X,C,X,X,X,X,R,X,X,C,X,X,X,X,C,X,X,R,C,X,X,X,X,X,P,X,X,X,R,X,X,X,X,P,X,X,C,C,X,X,C,C,X,X,C,X,X,X,X,X,X,X,C,X,X,X,C,X,X,X,P,X,X,X,X,R,R,X,X,X,X,X,R,R,X,C,X,X,X,P,X,X,X,X,X,29,17,11,57
66,67,73,X,X,C,C,R,X,X,X,P,C,X,X,C,X,X,X,P,R,C,X,X,C,X,X,X,X,X,X,X,R,C,X,R,X,P,X,X,R,R,X,X,X,R,X,X,X,C,X,X,C,X,C,X,X,P,X,P,C,X,X,X,X,X,X,R,X,X,X,X,R,R,P,X,X,X,X,X,C,C,R,X,R,X,X,X,X,X,X,X,X,C,X,X,C,C,X,X,X,C,X,X,R,C,X,X,X,R,X,X,X,X,X,X,X,X,X,X,R,X,X,C,P,R,X,P,X,C,X,R,X,X,R,X,C,X,X,R,X,X,X,R,X,X,X,X,X,X,R,X,X,R,X,X,X,X,X,X,P,X,C,X,X,X,R,X,X,X,X,X,22,23,9,54
67,68,72,X,X,X,C,P,X,X,X,X,R,X,X,X,X,X,X,X,X,R,X,X,P,X,X,X,X,X,X,P,X,X,X,P,X,X,X,X,X,P,X,X,X,P,X,X,X,X,X,X,X,X,X,X,X,X,X,X,P,X,X,X,X,X,X,X,X,X,X,X,X,X,P,X,X,X,X,X,R,X,X,X,X,X,X,X,X,X,X,X,X,X,X,X,R,X,X,X,X,P,X,X,P,X,X,X,X,X,X,X,X,X,X,X,X,X,X,X,X,X,X,X,P,C,X,X,X,X,X,X,X,X,X,X,X,X,X,P,X,X,X,X,X,X,X,X,X,X,X,X,X,X,X,X,X,X,X,X,X,X,X,X,X,X,R,X,X,X,X,X,2,5,12,19
68,69,71,X,X,X,C,R,X,X,X,X,C,X,X,C,X,P,X,X,X,C,X,X,C,X,X,X,X,X,X,R,P,X,X,X,X,P,X,X,R,P,X,X,X,C,X,X,X,R,X,X,P,X,C,X,X,X,R,R,C,C,R,X,X,X,X,C,X,X,X,X,P,X,R,X,X,X,X,X,C,R,C,X,X,X,X,X,X,X,X,X,X,R,X,C,R,X,X,X,X,C,X,X,R,C,X,X,X,X,X,X,X,R,X,X,X,X,X,X,X,X,X,R,C,R,X,X,X,X,X,R,X,X,X,X,R,X,X,C,X,X,X,X,X,X,X,X,X,X,X,X,X,X,X,X,X,X,X,X,X,X,R,X,X,X,R,X,X,X,X,X,17,19,6,42
69,70,70,X,X,R,C,R,X,P,X,R,C,X,X,R,X,X,X,R,C,C,X,X,C,X,X,C,R,R,X,C,C,C,X,R,X,P,X,R,P,R,X,X,X,C,X,X,X,C,X,X,C,X,C,R,P,X,C,R,C,R,X,X,X,X,X,C,X,X,X,X,C,P,C,X,X,X,X,X,C,C,C,C,X,X,X,X,X,X,X,X,X,C,X,X,C,X,X,X,R,C,X,X,C,C,X,X,P,X,X,R,X,X,X,R,R,X,X,X,C,X,C,C,R,R,X,R,P,P,C,C,X,C,X,X,X,X,X,C,X,P,X,P,X,X,X,R,X,X,P,P,C,P,X,X,X,X,X,X,C,X,P,R,X,X,R,X,X,X,X,X,36,23,14,73
70,71,69,X,X,P,C,R,X,X,X,X,C,X,P,P,P,R,X,P,X,P,X,X,C,X,X,P,X,P,X,R,P,X,X,X,X,X,X,P,P,R,X,X,X,C,X,X,X,R,X,X,P,X,R,X,P,X,R,P,C,P,X,X,X,X,X,C,X,X,X,X,P,X,X,X,X,X,X,X,C,C,R,X,C,X,X,X,X,X,X,X,X,R,X,X,R,X,X,X,X,P,X,X,R,R,R,X,X,X,X,R,X,X,X,P,X,X,X,P,R,X,X,C,P,R,X,X,R,X,X,R,X,P,X,X,X,X,X,C,X,X,X,R,X,X,X,R,X,X,X,X,X,X,X,X,X,X,X,X,R,X,R,X,X,X,C,X,X,X,X,X,12,22,21,55
71,72,68,X,X,X,C,P,X,P,X,X,C,X,P,R,X,C,X,C,X,R,X,X,C,X,X,X,X,R,X,C,P,X,X,X,X,X,X,P,P,R,X,X,X,C,X,X,X,R,X,X,R,X,R,X,R,X,C,R,C,R,X,X,X,X,X,R,X,X,X,X,R,P,X,P,X,X,X,X,R,C,R,X,C,X,X,X,X,X,X,X,X,R,X,X,R,X,X,X,X,R,X,X,C,C,X,X,X,X,X,R,X,R,X,C,P,X,X,X,R,X,P,C,X,P,X,X,R,X,X,P,X,P,X,X,X,X,X,R,X,X,R,R,X,X,X,X,X,R,X,X,R,X,X,X,X,X,X,P,X,X,P,X,X,X,R,X,X,X,X,X,15,27,15,57
72,73,67,X,X,X,C,R,X,X,X,P,C,X,X,X,X,X,X,C,P,C,X,P,R,P,X,R,X,C,X,C,P,X,X,P,X,P,X,P,R,R,X,X,X,C,X,X,X,R,X,X,R,X,R,X,P,X,C,R,C,R,X,X,X,X,X,C,X,X,X,R,R,X,R,C,X,X,X,X,R,C,R,X,X,X,X,P,X,X,X,X,X,X,X,X,R,X,X,P,X,P,X,X,R,C,X,X,X,X,X,C,X,R,X,R,P,X,X,X,R,R,P,R,X,P,X,C,P,P,C,C,X,C,X,X,X,X,X,R,X,X,P,C,X,X,X,R,X,X,R,X,C,P,X,X,X,X,X,X,R,P,C,P,X,X,C,P,X,X,X,X,22,26,22,70
73,74,66,P,X,X,C,R,X,X,X,X,C,X,X,R,C,C,X,C,R,C,X,P,C,C,X,C,C,P,X,P,C,C,X,X,X,C,X,R,R,C,X,X,X,R,X,X,X,C,X,X,R,C,R,C,C,X,C,R,C,P,X,X,X,X,X,C,X,X,X,X,R,X,P,C,X,X,X,X,R,R,C,P,X,X,X,P,X,X,X,X,X,C,X,X,R,X,X,X,X,R,P,X,C,C,X,X,X,X,X,R,X,C,X,R,R,C,X,X,C,X,P,R,X,X,X,P,X,X,X,C,X,C,X,X,X,X,X,P,X,X,P,R,X,X,X,C,X,X,X,P,C,X,X,X,X,X,X,X,R,X,R,P,X,X,C,C,X,X,X,X,35,21,15,71
74,75,65,X,X,X,C,R,X,P,X,P,C,R,C,C,C,C,X,C,R,C,X,R,C,C,X,P,P,R,C,C,C,C,X,X,X,C,X,X,R,C,X,X,X,C,X,X,X,C,X,X,C,C,C,X,C,X,C,C,C,C,X,X,X,X,X,C,X,X,X,X,R,R,C,C,X,X,X,X,R,C,C,P,R,X,X,P,X,X,X,X,X,R,X,X,C,X,X,C,R,C,X,X,R,C,X,X,X,X,X,C,X,C,X,C,R,C,X,R,C,R,R,R,X,X,X,C,X,P,C,C,C,R,X,X,X,X,R,R,X,X,R,C,P,X,X,R,X,X,X,R,C,X,X,X,X,X,X,C,P,X,R,R,X,C,C,R,X,X,X,X,49,27,9,85
75,76,86,X,X,X,P,X,X,X,X,X,C,X,X,X,X,X,X,R,X,P,X,X,R,X,X,X,X,C,X,X,C,X,X,R,X,X,X,X,X,P,X,X,X,C,X,X,X,R,X,X,X,X,X,X,P,X,C,X,C,X,X,X,X,X,X,P,X,X,X,X,X,X,X,X,X,X,X,X,R,X,C,X,P,X,X,X,X,X,X,X,X,C,X,X,C,X,X,X,X,P,X,X,X,C,X,X,X,X,X,X,X,X,X,X,X,X,X,X,R,X,X,R,X,X,X,X,X,X,X,R,X,X,X,X,X,X,X,R,X,X,X,X,P,X,X,X,X,X,X,X,R,X,X,X,X,X,X,X,P,X,X,X,X,X,P,X,X,X,X,X,10,10,10,30
76,77,85,X,X,X,P,P,X,P,R,X,C,X,X,R,X,X,X,C,X,C,X,X,R,X,X,C,X,C,X,X,P,X,X,R,X,P,X,P,P,P,X,X,X,R,X,X,C,C,X,X,R,X,X,X,R,X,C,P,C,X,X,X,X,X,X,R,X,X,X,X,R,X,X,X,X,X,R,X,R,X,R,P,P,X,X,X,X,X,X,R,X,X,X,X,R,X,X,X,C,P,X,X,X,P,X,X,X,X,X,R,X,X,X,P,P,X,X,X,R,X,P,R,X,X,X,X,X,P,X,R,X,R,X,X,R,X,X,P,X,X,X,X,X,X,X,R,X,R,C,P,P,C,X,X,X,X,X,X,R,R,R,X,X,X,R,X,X,X,X,X,12,26,20,58
77,78,84,X,X,X,R,R,X,X,C,X,C,X,X,R,X,X,X,X,X,X,X,X,R,X,X,X,X,X,X,X,X,X,X,R,X,X,X,X,C,R,X,X,X,C,X,X,C,R,X,X,P,X,X,X,X,X,P,X,C,X,X,X,X,X,X,R,X,X,X,X,X,R,X,X,X,X,X,X,P,R,X,X,P,X,X,X,C,X,X,X,X,C,X,X,R,X,X,X,X,R,X,X,P,P,X,X,X,X,X,X,X,X,X,P,X,X,X,X,X,X,X,R,R,R,X,X,R,X,X,P,X,X,P,X,P,X,X,C,X,X,X,X,X,X,X,X,X,X,X,X,X,X,X,X,C,P,X,X,X,X,R,X,X,X,R,X,X,X,X,X,10,18,11,39
78,79,83,X,X,C,R,R,X,P,X,R,R,X,X,C,X,X,X,X,X,C,X,X,R,X,X,X,X,X,X,R,X,X,X,C,X,R,X,P,X,X,X,X,X,C,X,X,X,C,X,X,P,X,R,X,X,R,C,P,C,R,X,X,X,X,X,C,X,X,X,X,P,X,X,X,X,X,X,X,R,X,R,X,X,X,X,X,C,X,X,X,X,X,X,X,P,X,X,X,X,R,X,X,P,X,X,X,X,X,X,X,X,X,X,R,R,X,X,X,R,X,X,C,R,C,X,X,X,X,X,C,X,X,X,X,R,X,X,C,X,X,C,P,X,X,X,R,X,X,X,X,P,R,X,X,X,X,X,X,R,X,C,X,X,X,R,X,X,X,X,X,16,22,9,47
79,80,82,X,X,X,C,R,X,X,X,X,C,X,C,C,X,X,X,R,X,R,X,X,C,X,X,X,X,X,X,X,X,X,X,X,X,X,X,X,X,R,X,X,X,C,X,X,X,P,X,X,X,X,P,X,P,X,C,P,C,X,X,X,X,X,X,C,X,X,X,X,P,R,X,X,X,X,X,X,C,C,P,X,X,X,X,X,X,X,X,X,X,X,X,X,R,R,X,X,X,R,X,X,C,R,X,X,X,X,X,P,X,R,X,X,X,R,X,X,R,X,X,R,X,X,X,X,X,X,X,X,X,P,R,X,C,X,X,C,X,X,X,X,X,X,X,X,X,X,X,X,P,X,X,X,X,P,X,X,P,X,R,X,X,X,C,X,X,X,X,X,15,15,11,41
80,81,81,X,X,C,C,P,X,C,X,X,C,R,C,C,X,R,X,X,X,C,X,X,C,X,X,R,X,R,X,P,P,C,X,C,X,R,X,P,C,C,X,X,X,C,X,X,X,R,X,X,C,X,R,X,C,R,C,P,C,P,X,X,X,X,X,C,X,X,X,X,C,R,P,X,X,X,X,X,C,C,C,X,P,X,X,X,X,X,X,X,X,C,X,X,R,X,X,X,X,C,X,X,R,C,X,X,X,C,X,R,X,C,X,R,P,X,X,X,R,X,C,C,X,R,X,X,R,R,X,C,X,R,X,X,X,X,X,C,X,P,X,P,X,X,X,R,X,X,R,X,P,X,X,X,X,X,X,C,P,X,R,X,X,X,C,X,X,X,X,X,33,21,13,67
81,82,80,X,X,X,C,R,X,C,X,R,C,X,X,C,X,X,X,R,P,C,X,X,R,X,X,R,X,P,X,R,P,X,X,X,X,R,X,P,P,C,X,X,X,C,X,X,X,C,X,X,C,X,C,X,R,X,R,R,C,C,X,X,X,X,X,C,X,X,X,X,R,X,X,X,X,X,X,X,C,C,C,R,C,X,X,X,X,X,X,X,X,P,X,X,R,X,X,X,X,R,X,X,C,R,X,X,X,X,X,R,X,R,X,R,P,X,X,X,C,X,X,C,X,X,X,P,X,X,X,R,X,R,X,X,X,X,X,C,X,X,X,C,X,X,X,P,X,X,X,X,P,P,X,X,X,X,X,X,R,X,R,R,X,X,C,X,X,X,X,X,23,23,11,57
82,83,79,X,X,X,C,R,X,R,X,R,C,X,C,C,P,R,X,C,R,C,X,R,R,R,X,P,C,R,R,R,R,X,X,X,X,R,X,X,X,C,X,X,X,C,X,X,X,R,X,X,R,X,C,C,C,X,R,R,C,C,X,X,X,X,R,R,X,X,X,X,C,X,C,R,X,X,X,C,C,R,R,R,R,X,X,P,X,X,X,X,X,C,X,X,C,X,X,R,X,R,X,X,R,R,X,X,R,X,X,C,X,R,X,R,R,X,X,R,R,P,R,C,X,X,X,P,C,C,R,C,C,R,X,X,X,X,R,C,X,R,C,C,X,X,R,R,X,X,R,R,R,X,R,X,X,X,X,R,R,P,C,R,X,R,C,P,X,X,X,X,31,49,7,87
83,84,78,X,X,X,R,X,X,X,X,P,C,X,P,P,X,X,X,P,X,R,X,X,C,X,X,C,X,X,X,R,X,C,X,X,X,X,X,X,X,C,X,X,X,C,X,X,X,R,X,X,P,C,R,X,X,X,R,P,C,C,X,X,X,X,X,C,X,X,X,X,R,X,X,P,X,X,X,X,P,X,R,X,X,X,X,X,X,X,X,X,X,X,X,X,C,X,X,X,X,R,X,X,X,C,X,X,X,X,X,C,X,R,X,P,X,C,X,X,P,X,X,R,X,X,X,X,X,X,X,R,X,R,X,X,X,X,X,P,X,X,C,P,X,X,X,R,X,X,X,P,P,X,X,X,X,X,X,P,P,X,X,P,X,X,X,X,X,X,X,X,15,14,17,46
84,85,77,X,X,X,R,P,X,X,X,R,C,R,X,C,P,X,X,R,R,C,X,X,R,R,X,R,X,X,X,P,R,X,P,X,X,P,X,X,P,C,X,C,X,R,X,X,X,P,X,X,X,R,P,X,C,X,R,R,C,R,X,X,X,X,X,C,X,X,X,X,R,X,X,R,X,X,X,X,R,R,R,X,P,X,X,R,X,X,X,P,X,X,X,X,R,X,X,X,X,P,X,X,R,C,X,X,C,X,X,R,X,C,X,R,X,X,X,X,C,X,X,R,X,X,X,P,X,X,P,R,X,C,X,X,X,X,P,R,X,X,X,X,X,X,X,R,X,X,X,X,C,X,X,X,X,X,X,X,R,X,P,P,X,X,P,C,X,X,X,X,15,29,17,61
85,86,76,X,X,X,R,P,X,X,X,R,C,X,C,C,P,C,X,P,P,C,X,R,R,P,X,P,X,X,P,P,C,R,P,X,X,P,X,P,X,C,X,X,X,C,X,X,X,R,X,X,P,C,C,X,C,X,R,C,C,P,X,X,X,X,X,R,X,X,X,P,R,X,X,R,X,X,X,X,P,R,C,X,X,X,X,X,X,X,X,X,X,X,X,X,C,X,X,X,X,X,X,X,P,R,X,X,C,X,X,C,X,R,X,P,P,X,X,P,P,R,X,P,X,X,X,X,P,X,C,C,X,R,X,X,X,X,P,C,X,X,R,C,P,X,X,R,X,X,X,R,C,X,X,X,X,X,X,X,P,X,X,X,X,C,P,X,X,X,X,X,23,18,26,67
86,87,97,X,X,X,P,X,X,X,X,R,C,X,X,C,X,R,X,R,X,C,X,P,X,X,X,X,X,X,X,X,P,X,X,P,X,C,X,X,X,C,X,X,X,C,X,X,X,X,X,X,P,R,C,R,X,X,C,X,C,X,X,X,X,X,X,C,X,X,X,X,R,X,P,X,X,X,X,X,C,C,C,X,X,X,X,X,X,X,X,X,X,X,X,X,X,X,X,X,X,R,X,X,C,C,X,X,X,X,X,C,X,X,X,X,R,X,X,X,C,X,X,C,X,X,X,X,X,X,X,C,X,P,X,X,X,X,X,R,X,X,X,X,X,X,X,X,X,X,X,X,P,X,X,X,X,X,X,X,X,R,R,R,X,X,C,X,X,X,X,X,20,12,8,40
87,88,96,X,X,C,C,R,X,R,X,C,C,C,X,C,X,R,X,R,R,C,C,X,R,X,X,P,P,X,X,P,C,X,X,C,X,R,X,X,P,P,X,X,X,C,X,X,X,C,X,C,C,X,P,C,X,R,R,X,C,X,X,X,C,X,X,C,C,X,C,R,X,C,P,X,C,X,X,X,P,R,R,X,C,X,X,X,X,X,X,X,X,X,X,X,C,R,X,X,R,C,X,X,P,C,X,X,X,X,X,X,X,X,X,C,R,X,X,X,R,X,R,C,C,P,X,P,P,P,X,X,R,P,X,X,C,C,X,R,X,X,P,C,X,X,X,P,X,X,X,X,P,R,X,X,X,P,X,X,R,X,C,X,X,X,C,X,X,X,X,X,34,21,18,73
88,89,87,R,X,X,R,R,X,X,X,R,C,X,P,R,P,P,X,P,X,C,X,R,R,P,X,C,X,P,X,R,P,X,X,X,X,R,C,R,P,C,X,X,X,P,X,X,X,R,X,X,P,R,R,X,R,X,C,R,C,C,X,X,X,X,X,R,X,C,X,X,R,X,X,P,X,X,R,X,X,C,R,X,X,X,X,R,X,X,X,R,X,X,X,X,R,X,X,X,X,R,X,X,R,C,X,X,X,X,X,R,R,R,X,R,X,C,X,C,C,X,P,R,X,X,X,C,X,X,X,R,X,R,X,X,X,X,X,R,X,X,R,R,X,X,X,R,X,X,X,X,R,X,X,X,X,X,X,C,R,X,R,X,X,X,R,R,X,X,X,X,16,40,12,68
89,90,95,X,X,X,P,R,X,X,X,X,C,X,X,P,X,X,X,X,X,X,X,X,P,X,X,X,X,X,X,X,X,X,X,P,X,R,X,X,X,X,X,X,X,P,X,X,C,R,X,X,X,X,X,X,X,X,X,X,C,X,X,X,X,X,X,R,X,X,X,X,X,P,X,X,C,X,X,X,P,C,P,X,X,X,X,X,X,X,X,X,X,X,X,X,P,X,X,X,X,P,X,X,P,X,X,X,X,X,X,X,X,X,X,X,X,X,X,X,X,X,X,P,X,R,X,X,X,X,X,P,X,X,X,X,X,X,X,C,X,P,X,P,X,X,X,X,X,X,X,X,X,R,X,X,X,X,X,X,R,X,C,X,X,X,P,X,X,X,X,X,7,7,16,30
90,91,88,X,X,X,C,R,X,P,X,R,C,C,X,C,C,C,R,C,P,C,X,C,R,R,X,R,X,R,R,R,C,C,R,X,X,C,X,R,P,C,X,X,X,R,X,X,X,C,P,X,R,C,C,X,C,X,R,C,C,R,X,X,X,X,X,C,X,X,X,R,R,P,R,C,X,X,X,X,R,X,C,P,P,X,X,C,X,X,P,P,X,X,X,X,R,X,X,R,X,C,X,X,R,C,X,P,R,X,X,C,X,C,X,R,R,X,X,R,C,R,R,R,X,X,X,X,X,P,P,C,X,R,X,X,X,X,C,R,X,X,R,R,X,X,X,R,X,X,X,C,P,X,X,X,X,X,X,C,R,X,R,X,X,R,R,R,X,X,X,X,32,39,13,84
91,92,94,X,X,C,P,R,X,C,R,P,R,X,X,C,X,X,X,R,X,C,C,X,P,X,X,X,X,X,X,R,C,X,X,C,C,R,X,X,X,X,X,X,X,C,X,X,C,C,X,C,X,X,C,X,X,C,X,P,C,X,X,X,C,X,X,R,C,X,C,X,X,X,X,X,C,X,X,X,C,X,R,X,X,X,X,X,X,C,X,X,X,C,X,X,R,X,X,X,X,R,X,X,R,C,X,X,X,X,X,X,X,X,X,R,X,X,X,X,R,X,X,C,C,X,X,X,X,P,X,C,X,X,X,X,X,C,X,C,X,R,X,C,X,X,X,R,X,X,X,R,P,R,X,X,X,X,X,X,R,X,R,R,X,X,R,X,X,X,X,X,29,21,6,56
92,93,89,X,X,X,R,P,X,P,X,P,C,C,C,C,X,C,X,C,P,R,X,X,C,P,X,C,X,P,X,R,X,X,R,X,X,R,R,R,R,R,X,X,X,C,X,X,X,R,X,X,R,P,C,X,C,X,R,R,C,C,X,X,X,X,X,C,X,X,X,X,R,R,X,R,X,X,R,X,R,R,R,X,R,X,X,X,X,X,X,P,X,X,X,X,R,X,X,X,R,R,X,X,R,C,X,X,P,X,X,R,X,X,X,R,X,X,X,X,C,C,X,C,X,R,X,P,X,P,X,R,X,P,X,X,X,X,X,R,X,X,X,P,X,X,X,P,X,X,X,X,R,X,X,X,X,X,X,X,R,X,P,X,X,X,R,P,X,X,X,X,18,33,16,67
93,94,93,X,X,X,R,P,X,C,X,X,C,X,X,C,X,X,X,R,R,R,X,X,C,X,X,X,X,X,X,R,R,C,X,P,X,X,X,X,R,R,X,X,X,C,X,X,C,R,X,X,X,X,P,C,X,X,R,P,C,R,X,X,X,X,R,R,X,X,X,X,C,P,X,X,X,X,X,R,R,R,R,X,C,X,X,X,C,X,X,X,X,R,X,X,C,X,X,X,R,R,X,X,R,P,X,X,X,X,C,X,X,X,X,R,X,X,X,X,P,X,X,C,R,R,X,X,P,X,X,R,C,X,X,X,X,X,X,C,X,C,X,P,X,X,R,X,X,X,R,X,X,X,X,X,X,R,X,X,P,X,R,X,X,X,R,X,X,X,X,X,18,30,10,58
94,95,90,R,X,P,R,R,X,P,X,P,C,X,X,P,X,P,X,C,X,R,X,C,R,C,X,R,X,R,R,R,P,X,R,X,X,R,X,P,P,C,X,X,X,C,X,X,X,C,X,X,C,C,C,X,C,X,R,R,C,R,X,X,X,X,X,C,X,X,X,X,R,X,R,R,X,X,X,X,C,C,C,P,X,X,X,R,X,X,X,P,X,P,X,X,P,X,X,X,X,P,X,X,R,C,X,X,R,X,X,C,X,R,X,R,P,X,X,R,R,C,C,C,X,X,X,P,X,P,C,C,X,C,X,X,X,X,R,R,X,X,R,X,X,X,X,R,X,X,X,R,C,X,P,X,X,X,X,X,R,P,R,P,X,P,R,P,X,X,X,X,25,32,21,78
95,96,92,X,X,C,P,R,X,R,X,X,C,X,C,C,X,P,X,X,X,R,X,X,C,X,X,P,X,P,X,P,R,X,X,X,X,R,X,X,X,C,X,X,X,C,X,X,C,R,X,X,C,X,C,X,X,X,C,X,C,P,X,X,X,X,X,R,X,X,X,X,P,X,R,X,X,X,X,X,R,C,C,X,X,X,X,X,X,X,X,X,X,R,X,X,C,R,X,X,P,R,X,X,C,C,X,X,X,X,X,P,X,X,X,P,X,C,X,X,X,X,P,C,X,C,X,P,X,X,P,R,X,P,X,X,X,X,X,C,X,X,X,C,X,X,X,X,X,X,X,X,X,X,X,X,X,X,X,X,P,X,P,X,X,X,R,X,X,X,X,X,22,14,16,52
96,97,91,X,X,P,C,P,X,C,X,C,C,X,X,C,X,X,X,C,R,C,X,X,C,P,X,P,X,X,X,C,P,X,P,P,X,X,X,P,P,C,X,X,X,C,X,X,X,R,X,X,R,X,R,X,R,X,C,R,C,X,X,X,X,X,X,C,X,X,X,X,R,X,R,P,X,X,X,X,C,C,C,X,X,X,X,X,X,X,X,X,X,X,X,X,R,X,X,X,R,R,X,X,R,R,X,X,P,X,X,R,X,P,X,R,X,X,X,X,C,X,C,R,X,R,X,R,X,R,X,R,X,R,X,X,X,X,X,C,X,X,X,R,X,X,X,R,X,X,X,X,R,X,X,X,X,P,X,X,R,X,R,X,X,X,R,X,X,X,X,X,20,27,13,60
97,98,108,R,X,X,R,X,X,P,X,C,C,R,X,C,X,P,X,C,X,R,X,R,C,X,X,C,X,X,X,C,X,X,R,X,X,C,X,R,X,P,X,X,X,C,X,X,X,R,X,X,P,X,C,X,X,X,R,R,C,C,X,X,X,X,X,C,X,X,X,X,P,P,R,X,X,X,R,X,P,C,C,R,R,X,X,X,X,X,X,R,X,X,X,X,R,X,X,X,X,C,X,X,C,C,X,X,X,X,X,R,X,X,X,P,X,X,X,X,R,X,X,C,X,C,X,R,X,P,X,C,X,R,X,X,X,X,X,P,X,X,X,C,X,X,X,C,X,X,X,X,R,X,X,X,X,X,X,X,R,X,C,X,X,X,P,C,X,X,X,X,25,22,11,58
98,99,107,X,X,C,R,X,X,C,X,P,C,X,X,C,X,R,X,X,X,C,X,X,R,X,X,P,P,X,X,X,R,X,X,C,X,C,X,X,P,P,P,X,X,C,X,X,C,P,X,X,P,X,C,P,X,X,C,P,C,X,X,X,X,X,X,C,X,X,X,X,P,X,C,X,X,X,X,X,R,C,C,X,R,X,X,X,X,X,X,X,X,X,X,X,C,X,X,X,X,R,X,X,C,C,X,X,X,P,X,X,X,X,X,X,X,X,X,X,R,X,X,C,X,C,X,R,P,P,X,R,X,X,X,X,C,X,X,P,X,X,X,X,X,X,X,X,X,X,X,X,X,X,X,X,X,R,X,X,R,X,R,X,X,X,R,X,X,X,X,X,22,14,15,51
99,100,106,X,X,P,R,R,X,X,C,X,C,X,R,P,X,X,X,X,X,X,C,X,R,X,X,X,C,X,X,X,P,X,X,P,X,R,X,X,X,X,X,X,X,R,X,X,C,R,X,X,X,X,R,C,C,X,R,X,C,X,X,X,C,X,X,R,C,X,X,X,X,X,X,X,C,X,X,X,R,R,X,X,P,X,X,X,X,C,X,X,X,C,X,X,R,X,X,X,X,P,X,X,P,P,X,X,X,X,X,X,X,X,X,X,X,X,X,X,P,X,R,C,R,X,X,X,X,X,X,X,R,X,X,X,R,C,X,C,X,X,X,X,X,X,X,X,X,X,X,X,X,R,X,X,X,X,X,X,P,X,P,X,X,X,R,X,X,X,X,X,16,19,11,46
100,101,105,X,X,X,C,C,X,X,X,R,R,X,X,R,X,X,X,P,P,C,X,X,C,X,X,C,X,X,X,C,R,X,P,C,X,R,X,R,P,R,X,X,X,C,X,X,X,C,X,X,P,X,P,X,X,X,C,P,C,R,X,X,X,X,X,C,X,X,X,X,P,X,X,X,X,X,X,X,C,C,C,X,X,X,X,X,X,X,X,X,X,X,X,X,C,X,X,X,X,R,X,X,R,C,X,X,X,X,X,P,X,X,X,R,P,X,X,X,R,X,X,R,P,C,X,C,X,P,X,C,X,X,X,X,X,X,X,R,X,X,X,P,X,X,X,R,X,X,X,R,C,X,X,X,X,X,X,X,R,X,R,X,X,X,R,X,X,X,X,X,21,19,13,53
101,102,104,X,X,X,C,P,X,X,X,R,C,X,X,C,X,X,X,P,X,C,X,X,R,X,X,X,X,X,X,R,R,X,P,P,X,X,X,X,R,P,X,X,X,C,X,X,C,R,X,X,R,X,P,X,X,X,P,P,C,P,X,X,X,X,X,C,X,X,X,X,R,R,P,X,X,X,X,X,R,C,C,X,X,X,X,X,X,X,X,X,X,X,X,X,P,X,X,X,X,R,X,X,C,C,X,X,X,X,X,P,X,X,X,P,X,X,X,X,R,X,P,P,X,P,X,P,X,X,X,R,X,X,X,X,X,X,X,C,X,P,X,X,X,X,X,P,X,X,X,X,P,P,X,X,X,X,X,X,R,X,R,X,X,X,P,X,X,X,X,X,13,15,22,50
102,103,103,X,P,C,C,R,X,C,X,P,C,X,R,C,X,P,X,C,R,C,X,X,C,P,X,P,X,X,R,C,C,C,X,R,X,R,X,P,C,C,X,X,X,C,X,X,C,R,X,X,C,X,C,X,R,X,C,R,C,C,X,X,X,X,X,C,X,X,X,X,R,C,P,X,X,X,X,X,C,C,R,X,R,X,R,X,X,X,X,X,X,C,C,X,C,C,X,X,P,C,X,X,C,C,X,X,P,C,X,P,X,X,X,C,R,C,X,X,R,X,P,C,R,P,X,R,R,X,P,C,X,C,X,X,X,X,X,C,R,X,R,C,X,X,X,R,X,C,R,P,R,R,X,X,X,X,X,C,C,X,C,P,X,X,C,P,X,X,X,X,44,24,16,84
103,104,102,X,X,R,C,P,X,P,X,X,C,C,C,C,X,R,X,P,R,C,X,P,C,P,X,C,X,X,R,X,X,C,X,X,X,C,X,X,P,C,X,X,X,C,P,X,X,P,X,X,C,X,R,R,C,X,C,C,C,C,X,X,X,X,X,C,X,X,X,P,P,X,C,P,X,X,X,X,R,X,C,P,X,X,X,X,X,X,X,X,X,R,X,X,C,C,X,X,R,R,X,X,C,C,X,X,X,X,X,P,X,R,X,R,R,X,X,X,C,X,P,C,X,X,X,R,X,P,X,P,X,C,X,X,X,X,X,C,R,X,R,C,X,X,X,P,X,R,R,X,C,X,X,X,X,X,X,C,C,X,R,R,X,X,C,X,X,X,X,X,34,20,17,71
104,105,101,X,X,X,C,R,X,C,X,R,C,C,X,C,C,P,X,C,R,C,X,R,C,X,X,C,X,X,X,C,C,X,X,X,X,R,X,P,P,C,X,X,X,C,X,X,X,R,X,X,R,R,P,C,C,X,C,P,C,C,X,X,X,X,X,C,X,X,X,R,P,X,R,R,X,X,X,X,C,C,C,X,X,X,X,P,X,X,X,X,X,X,X,X,P,X,X,X,X,C,X,X,C,C,X,X,P,X,C,C,X,R,X,R,R,X,X,X,R,R,R,R,R,X,X,P,X,P,C,C,X,R,X,X,X,X,X,R,X,X,C,C,X,X,X,C,X,X,X,R,P,X,X,R,X,X,X,X,P,X,C,P,X,X,C,X,X,X,X,X,35,23,14,72
105,106,100,X,X,X,R,R,X,R,X,R,C,C,X,C,P,X,X,C,P,C,X,R,C,C,X,C,X,P,P,C,P,X,P,X,X,R,X,C,R,C,X,X,X,C,X,X,X,C,X,X,R,C,C,C,P,X,C,R,C,X,X,X,X,X,X,C,X,X,X,P,R,X,P,R,X,X,P,X,R,C,C,P,P,X,X,P,X,X,X,X,X,R,X,X,P,X,X,X,R,R,X,X,P,C,X,X,R,X,X,R,X,C,X,R,P,X,X,X,R,X,R,C,X,P,X,P,X,P,C,C,X,R,X,X,X,X,X,R,X,X,R,P,C,X,X,C,X,X,X,P,R,X,X,X,X,X,X,X,C,X,C,R,X,X,C,C,X,X,X,X,32,25,21,78
106,107,99,X,X,C,C,R,X,X,X,C,C,X,X,C,C,X,R,C,R,C,X,R,R,C,X,C,X,R,P,C,R,X,P,X,X,R,X,P,C,C,X,X,X,C,X,X,X,C,X,X,P,C,R,X,C,X,R,R,C,R,X,X,X,X,X,C,X,X,X,X,C,X,X,R,X,X,X,X,R,C,C,X,X,X,X,C,X,X,X,X,X,X,X,X,C,X,X,R,X,C,P,X,C,C,P,X,C,X,X,R,X,C,X,R,P,C,X,X,R,P,R,C,X,X,X,C,C,X,C,C,X,R,X,X,X,X,R,R,X,X,R,P,X,X,X,C,P,X,X,R,C,X,X,X,X,X,X,X,R,P,R,P,X,P,R,C,X,X,X,X,38,27,13,78
107,108,98,X,X,X,R,P,X,X,X,R,P,X,X,P,X,X,X,R,X,R,X,R,R,P,X,P,X,X,X,R,R,X,P,X,X,X,X,P,X,R,X,X,X,R,X,X,X,C,X,X,R,C,R,X,P,X,P,X,C,C,X,X,X,X,X,C,X,X,X,X,P,X,R,R,X,X,C,X,R,X,C,X,X,X,X,X,X,X,X,X,X,X,X,X,X,X,X,X,X,R,X,X,R,P,X,X,P,X,X,R,X,X,X,P,P,X,X,X,R,R,X,P,X,X,X,X,X,X,X,C,X,C,X,X,X,X,X,R,X,P,X,C,R,X,X,R,X,X,X,X,P,P,X,X,X,X,X,X,P,R,C,X,X,X,P,P,X,X,X,X,11,24,21,56
108,109,120,X,X,X,X,X,X,P,X,X,X,X,C,X,X,X,X,X,X,R,X,X,X,X,X,X,X,X,X,P,X,X,X,X,X,X,X,X,X,X,X,X,X,X,X,X,X,C,X,X,X,X,X,C,X,X,X,X,X,C,X,X,X,X,C,X,X,X,X,X,R,X,X,X,X,X,X,X,X,X,X,X,X,X,X,X,X,X,X,X,X,X,X,X,R,X,X,X,X,X,X,X,R,X,X,X,X,X,X,X,X,X,X,R,C,X,X,X,P,X,X,C,P,X,X,X,X,X,X,P,X,X,X,X,X,X,X,X,X,X,X,X,X,X,X,X,X,X,X,X,X,R,X,X,X,R,X,X,X,X,X,X,X,X,C,X,X,X,X,X,8,7,5,20
109,110,119,X,X,X,R,P,X,P,X,C,C,P,X,C,X,P,X,R,C,C,X,X,C,P,X,R,C,X,X,C,C,X,X,R,X,R,X,R,P,R,X,X,X,C,X,X,X,R,X,X,R,X,C,P,C,P,C,R,C,P,X,X,X,X,X,R,X,X,X,R,R,X,P,X,X,X,X,X,C,C,C,X,C,X,X,R,X,X,X,X,X,X,X,X,C,X,X,X,X,C,X,X,X,C,X,X,X,X,X,C,X,X,X,X,X,X,X,X,R,X,X,C,X,X,X,R,X,P,R,R,X,R,X,R,X,X,X,R,X,X,R,C,X,X,X,R,X,X,X,X,R,R,X,X,X,P,X,C,C,X,C,R,X,X,R,X,X,X,X,X,27,27,12,66
110,111,118,X,X,X,P,R,X,P,X,P,C,X,X,P,X,X,X,X,X,C,X,X,R,X,X,X,R,X,X,R,R,X,X,R,X,P,X,X,P,X,X,X,X,C,X,X,X,C,X,X,P,X,P,X,X,X,X,X,C,X,X,X,X,X,X,C,X,X,X,X,X,X,X,X,X,X,X,X,C,R,X,X,R,X,X,X,X,X,X,X,X,X,R,X,R,X,X,X,X,C,X,X,C,C,X,X,X,X,X,X,X,X,X,X,P,X,X,X,X,X,X,C,P,R,X,C,C,X,X,P,X,X,X,X,X,X,X,R,P,X,C,P,X,X,P,X,X,R,X,X,X,X,X,X,X,R,X,P,X,X,R,X,X,X,P,X,X,X,X,X,14,15,16,45
111,112,117,X,X,P,C,C,X,C,X,P,C,X,X,C,X,C,X,P,P,C,X,X,C,X,X,P,C,X,X,C,R,X,X,R,X,P,X,X,P,P,X,X,C,C,X,X,X,C,X,X,C,X,C,C,P,X,C,P,C,R,X,X,X,X,X,C,X,X,X,C,R,X,P,X,X,X,X,P,C,C,R,X,C,X,X,X,X,X,X,X,X,C,X,X,C,R,X,X,P,R,X,X,C,C,X,X,X,X,X,X,X,X,X,R,P,X,X,X,R,X,R,C,R,R,X,P,X,X,X,C,C,X,X,X,X,X,X,C,X,X,X,C,X,X,X,P,X,X,X,X,P,R,X,X,X,C,X,X,C,X,C,X,X,X,C,X,X,X,X,X,36,13,17,66
112,113,116,X,X,C,C,R,X,R,C,C,C,R,X,C,X,X,X,P,P,C,C,X,C,X,X,P,P,X,X,C,C,C,X,C,C,C,X,X,R,P,X,X,X,C,X,X,C,C,X,X,C,X,C,P,X,X,C,X,C,C,X,X,C,X,X,C,C,X,C,X,C,R,R,X,C,X,X,X,C,C,C,X,C,X,X,X,X,C,X,X,X,R,X,X,C,P,X,X,P,R,X,X,C,C,X,X,X,C,X,X,X,X,X,C,P,X,X,X,R,X,P,C,P,C,X,P,C,P,X,C,X,X,X,X,C,C,X,C,X,P,X,R,X,X,X,P,X,X,X,X,X,C,X,X,X,R,X,X,R,X,C,X,X,X,R,X,X,X,X,X,48,13,15,76
113,114,115,X,X,X,C,R,X,X,X,R,C,R,X,C,R,X,X,R,R,C,X,X,C,R,X,R,C,C,X,C,C,X,X,R,X,R,X,C,X,C,X,X,X,C,X,X,X,C,X,X,R,X,C,R,C,P,C,R,C,R,X,X,X,X,X,C,X,X,X,C,R,X,R,X,C,X,X,X,C,C,C,P,C,X,X,X,X,X,X,X,X,X,X,X,C,X,X,X,R,C,X,X,R,C,X,X,X,C,X,R,X,X,X,C,C,X,X,X,R,X,P,R,X,R,X,C,P,R,R,C,R,R,X,X,C,X,X,C,X,R,X,P,X,X,X,R,X,X,X,P,C,R,X,X,X,X,X,X,C,X,C,R,X,X,R,X,X,X,X,X,37,31,6,74
114,115,114,X,X,R,R,R,X,P,X,C,C,C,X,C,X,R,X,C,X,R,X,X,R,C,X,R,R,R,P,R,R,C,P,R,X,R,X,R,R,C,X,X,X,C,X,X,X,C,X,X,R,R,C,P,C,P,R,C,C,R,X,X,X,X,X,C,X,X,X,R,C,P,P,R,X,X,X,X,R,C,C,R,X,X,X,X,X,X,X,X,X,R,X,X,C,C,X,X,R,C,X,X,C,C,X,X,P,R,C,R,X,X,X,R,X,C,X,X,R,X,C,C,X,P,X,C,P,P,R,C,X,C,X,X,X,X,X,C,X,P,X,R,X,X,X,R,X,X,P,R,R,R,X,X,X,X,X,C,R,X,C,P,X,X,C,X,X,X,X,X,34,36,14,84
115,116,113,X,X,X,R,R,X,R,X,C,C,R,X,C,X,X,X,R,P,C,X,X,C,P,X,R,X,P,X,C,R,C,X,P,X,R,X,C,R,C,X,X,X,C,X,X,X,C,X,X,C,R,C,X,P,X,R,C,C,R,X,X,X,X,X,C,X,X,X,P,C,R,C,P,X,X,X,X,C,C,C,P,X,X,X,X,X,X,X,X,X,X,X,X,R,X,X,X,C,R,X,X,R,C,X,X,X,X,X,C,X,X,X,R,R,X,C,X,C,X,R,C,X,P,X,R,P,P,X,R,P,R,X,X,X,X,X,C,X,X,P,C,X,X,X,R,X,X,R,R,R,P,X,X,X,X,X,X,R,P,C,P,X,X,C,C,X,X,X,X,32,27,16,75
116,117,112,P,X,X,C,R,X,X,X,R,C,X,X,C,R,R,X,C,R,C,X,R,C,C,X,C,R,C,C,C,C,C,C,C,X,C,X,P,R,C,X,X,X,C,X,X,X,C,X,X,C,P,C,P,C,X,C,R,C,C,X,X,X,X,X,C,X,X,X,R,C,C,C,C,X,X,X,X,C,C,C,X,X,X,X,X,X,X,X,P,X,C,X,X,C,X,X,C,R,C,C,X,C,C,X,X,R,P,X,C,X,C,X,C,C,C,X,R,R,C,P,C,R,C,X,C,P,R,C,C,X,C,X,R,X,X,R,C,X,X,C,C,X,X,X,R,X,X,X,C,C,X,X,C,X,X,X,C,C,X,C,R,X,X,C,C,X,X,X,X,63,20,8,91
117,118,111,P,X,X,C,P,X,X,X,P,C,X,P,C,X,P,X,C,P,C,X,P,C,C,X,C,X,C,P,R,C,P,P,P,X,R,X,R,R,C,X,X,X,C,X,X,X,C,X,X,C,C,C,X,C,X,C,C,C,C,X,X,X,X,X,C,X,X,X,X,C,X,C,C,X,X,X,X,R,C,C,P,X,X,X,P,X,X,X,P,X,P,X,X,C,X,X,X,R,C,X,X,C,C,X,X,R,X,X,C,X,C,X,R,R,X,X,X,C,P,P,R,X,R,X,C,P,X,P,C,X,C,X,X,X,X,X,R,X,X,X,P,X,X,X,C,X,P,X,P,C,X,X,X,X,X,X,X,P,X,C,P,X,X,C,C,X,X,X,X,42,12,24,78
118,119,110,X,X,R,P,P,X,X,X,P,C,X,R,C,X,X,P,R,P,C,X,X,C,X,X,P,R,C,X,R,X,C,X,C,X,R,X,X,C,C,X,P,X,C,X,X,X,C,X,X,C,P,C,C,C,X,C,X,C,C,X,X,X,X,X,C,X,X,X,X,P,P,X,P,X,X,X,X,C,C,C,X,C,X,X,X,X,X,X,X,X,R,X,X,C,X,X,X,P,R,X,X,C,C,X,X,X,P,X,P,X,P,X,P,X,C,X,X,P,P,P,C,X,R,X,X,R,R,X,C,X,P,X,X,X,X,X,C,X,P,X,R,X,X,X,P,X,X,R,X,R,X,X,X,X,X,X,C,C,X,R,P,X,X,C,C,X,X,X,X,34,15,23,72
119,120,109,X,X,C,P,R,X,X,X,C,C,X,X,R,P,R,X,C,P,C,X,R,R,P,X,C,X,R,X,R,R,C,C,P,X,C,X,R,P,C,X,X,X,C,X,X,X,C,X,X,C,R,R,X,C,X,C,P,C,P,X,X,X,X,X,C,X,X,X,R,R,P,P,R,X,X,C,X,R,R,P,X,X,X,X,X,X,X,X,X,X,C,X,X,C,X,X,X,R,R,X,X,R,C,X,C,C,X,X,C,X,R,X,R,X,X,X,X,C,X,P,R,X,X,X,P,R,P,P,C,X,R,X,X,X,X,X,C,X,P,P,X,P,X,X,R,X,X,X,R,R,P,X,X,X,X,X,P,R,C,R,R,X,X,C,C,X,X,X,X,30,30,20,80
120,121,131,X,X,P,P,P,X,X,X,R,C,X,C,R,X,R,X,P,P,C,X,X,R,X,C,P,R,P,X,P,C,X,X,R,X,R,X,X,P,R,X,X,X,R,X,X,X,C,X,X,P,X,P,R,R,X,C,R,C,X,X,X,X,X,X,R,X,X,X,P,R,P,X,X,X,X,X,X,C,P,R,X,C,X,X,R,C,X,X,X,X,R,R,X,R,C,X,X,X,C,C,X,R,C,X,X,X,X,X,R,X,X,C,X,R,X,X,X,C,X,X,R,R,C,X,P,R,P,X,R,R,R,R,X,R,X,X,R,X,C,R,P,X,X,X,R,X,X,X,X,P,R,X,X,X,R,X,X,R,X,R,P,X,X,R,X,X,X,X,X,19,38,19,76
121,122,121,X,X,X,R,C,X,X,X,C,C,C,X,C,P,R,X,C,P,R,X,X,C,X,X,C,X,R,X,X,C,P,P,P,X,R,X,C,X,C,X,X,X,C,X,X,X,C,X,X,R,X,C,X,C,X,C,R,C,X,X,X,X,X,X,C,X,X,X,X,R,P,P,X,X,X,C,X,P,C,C,P,X,X,X,X,X,X,X,P,X,C,X,X,R,X,X,X,C,C,X,X,C,R,X,X,X,X,X,R,X,P,X,R,X,X,X,X,C,X,X,C,X,X,X,P,P,P,P,R,X,R,X,X,X,X,X,C,X,X,X,C,X,X,X,C,X,X,X,X,P,P,X,X,X,X,X,X,C,X,C,P,X,X,R,P,X,X,X,X,32,15,19,66
122,123,130,X,X,X,P,R,X,X,X,X,C,X,P,C,X,P,X,X,X,X,X,X,P,X,X,X,P,X,X,X,R,X,X,P,X,X,X,X,X,R,X,X,X,C,X,X,C,R,X,X,X,X,X,X,X,X,X,X,C,X,X,X,X,X,X,R,C,X,X,X,X,X,X,X,C,X,X,X,R,P,R,X,P,X,P,X,X,X,X,X,X,R,R,X,R,C,X,X,X,R,X,X,R,P,X,X,X,P,X,X,X,X,X,X,P,X,X,X,X,X,X,C,C,X,X,X,R,X,X,X,X,X,X,X,R,X,X,R,X,P,X,X,X,X,X,X,X,X,X,X,X,X,X,X,X,R,X,X,X,X,R,X,X,X,X,X,X,X,X,X,10,17,13,40
123,124,129,X,R,C,C,R,X,P,X,R,C,R,X,C,X,X,X,R,X,C,X,X,C,X,X,X,P,X,X,P,P,X,X,C,X,R,X,X,R,X,X,X,C,C,X,X,X,R,X,X,C,X,P,P,X,X,R,R,C,R,X,X,X,X,X,C,C,X,X,C,C,R,P,X,C,X,X,X,C,C,C,P,X,X,X,X,X,X,X,X,X,C,P,X,C,C,X,X,X,C,X,X,X,C,X,X,X,X,X,P,X,X,X,P,P,X,X,X,R,X,X,C,C,R,X,X,C,P,X,C,R,P,X,X,C,X,X,C,X,P,P,C,X,X,X,P,X,R,X,X,X,R,X,X,X,R,X,C,X,X,C,X,X,X,C,X,X,X,X,X,34,18,17,69
124,125,128,X,X,C,C,C,X,R,C,C,C,X,P,C,X,C,X,X,P,C,X,X,C,X,X,R,R,X,X,C,C,C,X,C,X,R,X,X,R,X,X,X,X,C,X,X,C,C,X,X,C,X,C,X,X,X,P,X,C,X,X,X,X,X,X,C,C,X,X,C,R,R,X,X,C,X,X,X,C,C,C,X,R,X,C,X,X,X,X,X,X,C,R,X,C,C,X,X,X,C,X,X,R,P,X,X,X,X,X,X,X,X,X,R,P,X,X,X,P,X,X,C,P,C,X,P,C,P,X,C,X,X,P,X,C,X,X,C,X,X,X,P,X,X,X,P,X,X,X,X,X,C,X,X,X,R,X,X,P,X,C,X,X,X,C,X,X,X,X,X,41,12,13,66
125,126,127,X,X,P,X,R,X,C,X,C,C,C,X,C,X,X,X,R,P,C,X,X,C,P,X,P,C,X,X,C,R,C,X,C,X,C,X,P,X,R,X,X,X,C,X,X,X,C,X,X,P,X,R,X,X,X,P,X,C,C,X,X,X,X,X,C,X,X,X,X,R,R,X,X,X,X,X,X,C,C,C,X,R,X,X,X,X,X,X,X,X,C,X,X,C,X,X,X,X,R,X,X,C,C,X,X,X,X,X,X,X,X,X,R,C,X,X,X,P,X,X,C,X,R,X,X,X,P,X,R,X,X,X,X,C,X,X,C,X,X,X,C,X,X,X,X,X,X,X,X,R,R,X,X,X,P,X,X,P,X,C,X,X,X,C,X,X,X,X,X,31,14,11,56
126,127,126,X,X,X,P,P,X,P,X,R,C,X,R,C,X,X,X,P,P,R,X,X,C,P,X,R,X,X,X,P,R,X,X,R,X,X,X,P,R,R,X,X,X,C,X,X,X,R,X,X,C,X,P,R,R,X,C,P,C,P,X,X,X,X,X,C,X,X,X,X,R,P,X,X,X,X,X,X,R,C,C,X,X,X,X,X,X,X,X,X,X,C,X,X,C,C,X,X,R,R,X,X,P,C,X,X,P,P,X,P,X,X,X,P,X,X,X,X,R,X,X,C,X,X,X,R,R,X,X,R,X,R,X,X,X,X,X,C,X,X,R,P,X,X,X,R,X,P,X,X,P,R,X,X,X,P,X,X,R,X,R,X,X,X,R,X,X,X,X,X,16,26,21,63
127,128,125,X,X,X,C,R,X,R,X,R,C,X,C,C,X,X,X,R,C,C,X,X,C,X,X,R,X,P,X,C,C,X,R,C,X,R,X,C,C,C,X,X,X,C,X,X,X,C,X,X,C,C,C,X,C,X,C,C,C,P,X,X,X,X,X,C,X,X,X,X,R,P,C,X,X,X,R,X,C,C,C,P,C,X,X,P,X,X,X,X,X,X,X,X,C,X,X,C,C,C,X,X,R,C,X,X,R,P,X,R,X,P,X,P,X,X,X,X,R,X,X,C,X,R,X,P,R,P,C,R,X,R,X,X,X,X,X,C,X,X,R,C,X,X,X,R,X,X,X,P,R,R,X,X,X,X,X,X,C,X,R,P,X,X,C,X,X,X,X,X,39,22,12,73
128,129,124,X,X,X,C,P,X,P,X,P,C,X,C,C,P,X,X,R,P,C,X,X,R,P,X,R,X,X,X,P,R,C,R,P,X,C,X,R,R,R,X,X,X,C,X,X,X,R,X,X,C,C,C,X,C,X,R,P,C,R,X,X,X,X,X,C,X,X,X,P,P,R,C,P,X,X,X,X,C,R,C,X,X,X,X,X,X,X,X,X,X,R,X,X,R,X,X,P,P,C,X,X,R,P,X,X,R,X,C,R,X,R,X,P,R,C,X,X,R,X,X,C,X,P,X,P,P,P,C,C,X,P,X,X,X,X,X,R,X,X,R,C,X,X,P,R,P,X,X,P,C,P,X,C,X,X,X,C,P,X,C,X,X,X,C,X,X,X,X,X,29,24,26,79
129,130,123,X,X,X,C,R,X,X,X,P,C,X,C,C,R,C,X,C,C,C,X,C,C,R,X,C,X,R,P,C,C,X,P,P,X,R,X,P,C,C,X,X,X,C,X,X,X,C,C,X,C,C,R,R,P,X,C,R,C,C,X,X,X,X,X,C,X,X,X,P,C,P,C,C,X,X,X,X,R,C,C,P,C,X,X,X,X,X,X,X,X,R,X,X,C,X,X,X,R,R,P,X,C,C,X,X,P,C,X,C,X,C,X,C,R,C,X,C,C,X,R,C,X,R,X,P,C,X,R,R,X,R,X,P,X,X,X,R,X,R,X,C,X,X,X,R,X,X,X,P,C,X,X,X,X,X,X,C,R,X,C,R,X,X,C,P,X,X,X,X,47,23,15,85
130,131,122,X,X,X,C,C,X,X,X,C,C,C,C,C,R,P,X,R,P,C,X,R,C,R,X,R,X,C,R,P,C,C,R,C,X,C,X,P,P,C,X,C,X,C,X,X,X,C,X,X,R,C,C,X,C,P,C,R,C,R,X,X,X,X,X,C,X,X,X,R,C,P,R,R,X,X,X,X,R,C,C,X,R,X,X,X,X,X,X,P,X,C,X,X,C,X,X,C,R,C,X,X,R,C,X,X,R,X,X,R,X,C,X,R,R,X,X,C,R,P,C,C,X,R,X,P,C,R,R,C,X,R,X,X,X,X,P,C,X,X,C,C,X,X,X,C,X,C,X,R,R,P,X,C,X,X,X,C,C,R,C,P,X,C,C,P,X,X,X,X,49,29,14,92
131,132,141,X,X,X,X,X,X,X,X,X,X,X,X,X,X,X,X,X,X,X,X,X,X,X,X,X,X,X,X,X,X,C,X,X,X,X,X,X,X,X,X,X,X,X,X,X,X,R,X,C,X,X,X,X,X,X,X,X,X,X,X,C,X,X,X,X,C,X,X,X,X,C,X,X,C,X,X,X,X,X,X,X,X,X,X,X,X,X,X,X,X,X,X,X,X,X,X,X,X,X,X,X,X,X,X,X,X,X,X,X,X,X,X,X,X,X,X,X,X,X,X,R,X,X,X,X,X,X,X,X,X,X,X,X,X,X,X,P,X,X,X,X,X,X,X,X,X,X,X,X,X,X,X,X,X,X,X,X,X,X,X,X,X,X,X,X,X,X,X,X,6,2,1,9
132,133,140,X,X,P,C,R,X,X,X,C,C,X,X,C,X,X,X,X,X,C,X,X,R,X,X,X,X,X,X,X,C,X,X,R,X,R,X,X,P,X,X,X,X,C,X,X,X,C,X,X,P,X,P,X,X,X,X,X,C,X,X,X,X,X,X,C,X,X,X,X,X,X,X,X,X,X,X,X,R,C,R,X,X,X,X,X,X,X,X,X,X,R,R,X,R,X,X,X,X,C,X,X,X,X,X,X,X,X,X,X,X,X,X,X,X,X,X,X,R,X,X,C,R,P,X,X,C,P,X,X,X,X,X,X,X,X,X,C,X,X,X,P,X,X,X,X,X,X,X,X,X,X,X,X,X,R,X,X,X,X,C,X,X,X,R,X,X,X,X,X,16,13,7,36
133,134,139,X,X,P,C,R,X,P,X,C,C,X,X,C,X,X,X,X,X,R,X,X,R,X,X,X,X,X,X,R,R,C,X,R,X,R,X,X,R,X,X,X,X,C,X,X,C,C,X,X,C,X,P,X,X,X,X,X,C,X,X,X,X,X,X,C,C,X,X,X,X,C,X,X,C,X,X,X,C,X,R,X,P,X,X,X,X,X,X,X,X,C,R,X,R,R,X,X,X,R,X,X,P,C,X,X,X,X,X,X,X,X,X,P,X,X,X,X,P,X,X,C,R,C,C,X,C,P,X,R,X,X,X,X,X,X,X,R,X,X,P,P,X,X,X,X,X,R,X,X,X,C,X,X,X,R,X,X,X,X,C,X,X,X,C,X,X,X,X,X,24,18,10,52
134,135,138,X,X,R,P,R,X,C,X,C,C,P,X,P,X,X,X,P,X,P,X,X,X,X,X,X,X,X,X,P,P,P,X,P,X,R,X,X,R,X,X,X,X,C,X,X,X,C,X,X,X,X,P,X,X,X,X,X,C,X,X,X,X,X,X,R,X,X,X,X,P,R,X,X,X,X,X,X,C,X,R,X,P,X,X,X,X,X,X,X,X,X,X,X,R,R,X,X,X,P,X,X,P,X,X,X,X,X,X,X,X,X,X,X,X,X,X,X,X,X,X,C,X,P,X,X,R,X,X,R,X,X,X,X,X,X,X,C,X,X,X,P,X,X,X,P,X,X,X,X,X,P,X,X,X,R,X,X,P,X,C,X,X,X,P,X,X,X,X,X,10,12,20,42
135,136,137,X,X,X,C,R,X,C,X,P,C,C,X,C,R,X,X,C,R,C,X,X,C,P,X,R,R,X,X,R,P,X,P,R,X,X,X,R,R,R,X,X,X,C,X,X,X,R,X,X,P,X,R,P,P,X,C,R,C,C,X,X,X,X,X,R,X,X,X,C,R,X,X,P,X,X,X,X,C,C,C,X,R,X,X,X,R,X,X,X,X,X,X,X,R,C,X,X,R,R,X,X,C,C,X,X,X,R,C,P,X,X,X,P,P,X,X,X,R,X,C,C,X,C,X,R,X,P,X,R,X,X,P,X,C,X,X,C,X,X,X,P,X,X,X,R,X,X,X,X,R,C,X,X,X,R,X,X,C,X,C,R,X,X,C,X,X,X,X,X,29,28,14,71
136,137,136,X,X,X,P,P,X,P,X,P,C,X,X,P,X,C,X,R,P,R,X,X,C,X,X,P,X,C,C,P,R,C,C,P,X,R,X,R,P,P,X,X,X,C,X,X,X,R,X,X,P,X,C,P,X,X,C,R,C,R,X,X,X,X,X,C,X,X,X,X,C,P,X,X,X,X,R,X,C,P,P,X,X,X,X,X,X,X,X,X,X,X,X,X,R,X,X,X,P,R,X,X,R,R,X,X,P,X,X,R,X,X,X,R,X,X,X,X,P,X,X,R,X,C,X,R,X,X,C,R,X,P,X,X,X,X,X,C,X,X,X,P,X,X,X,R,X,X,X,X,P,P,X,X,X,X,X,X,R,X,R,C,X,X,C,X,X,X,X,X,19,21,23,63
137,138,135,C,X,R,R,R,X,R,X,R,C,X,C,R,R,C,X,R,R,C,X,X,C,P,X,R,X,R,P,R,R,C,P,P,X,R,X,R,P,R,X,X,X,C,X,X,X,R,X,X,P,C,C,X,R,X,R,C,C,C,X,X,X,X,X,C,X,X,X,R,C,P,R,P,X,X,P,X,R,R,C,P,R,X,P,P,X,X,X,X,X,R,C,X,R,R,X,R,R,R,X,X,R,C,C,X,P,X,C,R,X,C,X,R,X,C,X,X,R,X,P,C,X,R,X,P,P,C,P,R,X,P,X,X,X,X,X,C,X,P,C,C,X,X,X,R,X,P,P,P,R,X,P,X,X,X,X,C,R,X,C,R,X,X,R,X,X,X,C,X,30,41,23,94
138,139,134,X,X,X,C,P,X,P,X,R,C,X,X,C,X,R,X,R,R,R,X,P,R,X,X,R,X,P,X,X,R,X,X,P,X,P,X,X,P,C,X,X,X,C,X,X,X,R,X,X,C,X,C,X,C,X,R,R,C,R,X,X,X,X,X,C,X,X,X,X,R,X,R,P,X,X,X,X,C,C,R,X,X,X,X,X,X,X,X,X,X,P,X,X,R,X,X,X,R,R,X,X,C,C,X,X,P,P,X,R,X,P,X,R,P,C,X,X,R,X,R,R,X,R,X,P,C,X,X,C,X,R,X,X,X,X,X,R,X,X,P,P,X,X,X,R,X,X,R,X,R,P,X,C,X,X,X,P,R,X,R,P,X,X,C,R,X,X,X,X,19,32,19,70
139,140,133,X,X,X,C,P,X,X,X,R,C,P,X,R,X,X,X,R,R,C,X,X,R,P,X,R,X,X,P,R,R,X,X,R,X,R,X,X,P,R,X,X,X,C,X,X,X,R,X,X,P,X,R,X,C,X,C,R,C,P,X,X,X,X,X,C,X,X,X,X,R,P,P,R,X,X,X,X,R,C,R,C,X,X,X,X,X,X,X,X,X,C,X,X,R,X,X,C,P,R,X,X,R,C,X,X,X,X,X,C,X,R,X,R,X,C,X,X,C,P,R,R,X,X,X,P,R,C,X,R,X,R,X,X,X,X,X,R,X,P,P,P,X,X,X,C,R,X,P,P,P,P,X,X,X,X,X,R,C,X,R,P,X,X,R,R,X,X,X,X,19,34,20,73
140,141,132,X,X,P,C,R,X,C,X,C,C,R,X,R,R,P,X,R,R,C,X,X,C,X,X,C,X,P,P,R,P,X,P,C,X,R,X,R,R,C,X,X,X,C,X,X,X,C,P,X,R,C,R,P,C,R,C,R,C,P,X,X,X,X,X,C,X,X,X,X,R,P,R,X,X,X,C,X,C,C,C,P,R,X,X,X,X,X,X,X,X,P,X,X,C,X,X,P,R,C,X,X,C,C,X,X,X,X,X,R,X,X,X,R,P,X,X,X,C,X,R,C,X,X,X,R,C,X,X,R,X,R,X,X,X,X,X,C,X,X,P,X,X,X,X,R,X,X,X,X,C,R,X,X,X,P,X,P,C,X,C,R,X,X,R,X,X,X,X,X,31,28,17,76
141,142,142,X,X,X,P,X,X,P,X,X,R,R,X,R,X,X,X,X,X,P,X,X,P,X,X,X,X,X,X,X,X,X,X,X,X,X,X,X,X,X,X,X,X,P,X,X,X,P,X,X,P,X,X,X,X,X,P,X,X,R,X,X,X,X,X,P,X,X,X,X,X,X,X,X,X,X,X,X,X,X,X,X,X,X,X,X,X,X,X,X,X,X,X,X,P,X,X,X,X,P,X,X,X,C,X,X,X,X,X,X,X,X,X,X,X,X,X,X,P,X,X,P,X,X,X,X,X,X,P,P,X,X,X,X,X,X,X,P,X,X,X,X,X,X,X,X,X,X,X,X,X,X,X,X,X,X,X,X,X,X,X,X,X,X,P,X,X,X,X,X,1,4,17,22
142,143,143,X,X,R,R,P,X,X,X,X,P,X,P,C,P,P,X,P,X,P,X,X,P,C,X,R,X,X,X,P,P,R,X,X,X,P,X,X,P,C,X,X,X,C,X,X,X,P,X,X,C,X,C,X,X,X,R,X,C,X,X,X,X,X,X,R,X,X,X,X,P,P,X,X,X,X,X,X,P,R,P,X,P,X,X,X,X,X,X,X,X,R,P,X,R,P,X,X,P,P,X,X,P,C,X,X,P,X,C,P,X,X,X,X,X,P,X,X,P,X,X,R,X,C,X,P,R,X,X,P,X,P,X,X,X,X,X,R,X,R,R,P,X,X,X,R,X,P,X,P,X,X,X,X,X,R,X,R,C,X,P,P,X,X,R,X,X,X,X,X,11,18,35,64
143,144,144,R,X,X,P,R,X,X,X,R,R,R,P,R,R,R,X,R,R,R,X,R,R,R,X,R,X,P,X,R,R,X,R,R,X,R,X,R,R,R,X,X,X,C,X,X,X,R,X,X,C,X,C,X,C,X,R,R,C,R,X,X,X,R,X,C,X,X,X,R,R,R,C,R,X,X,X,X,P,R,R,X,X,X,X,R,X,X,X,R,X,R,X,X,R,X,X,P,P,R,X,X,P,C,R,R,P,C,X,C,X,R,X,R,P,C,X,P,R,X,R,C,X,X,X,P,C,X,C,C,X,R,X,X,X,X,X,R,X,X,R,R,P,X,X,R,X,X,R,R,R,R,X,X,X,X,X,C,R,R,R,R,X,X,R,R,X,X,X,X,16,60,12,88
144,145,145,X,X,X,X,X,X,X,X,X,C,P,X,C,X,X,X,P,X,P,X,P,P,X,X,X,X,X,X,X,X,C,X,X,X,R,X,X,X,X,X,X,X,C,X,X,C,R,X,X,X,X,R,X,X,X,X,X,C,X,X,X,X,X,X,C,X,X,X,X,R,P,X,P,X,X,X,X,R,C,P,X,X,X,X,X,X,X,X,X,X,P,X,X,P,C,X,P,X,X,X,X,X,C,X,X,X,X,X,P,X,C,X,R,X,C,X,X,X,X,X,P,X,X,X,X,P,X,X,P,X,X,X,X,X,X,X,R,X,X,C,X,X,X,X,X,X,X,X,R,P,X,X,X,X,X,X,X,X,X,X,X,X,X,R,X,X,X,X,X,13,9,16,38
145,146,146,X,X,R,X,P,X,C,X,P,C,R,C,C,P,X,X,P,P,C,X,X,P,P,X,C,R,X,X,C,P,C,P,P,X,C,X,X,X,R,X,X,X,C,X,X,X,C,X,X,X,C,C,R,C,X,P,R,C,R,X,X,X,X,X,C,X,X,X,X,P,R,X,R,X,X,X,X,C,C,C,X,R,X,X,X,X,X,X,X,X,R,X,X,P,C,X,R,C,R,X,X,C,C,X,X,X,X,C,R,X,R,X,R,X,X,X,X,P,X,X,R,X,X,X,X,X,X,P,C,R,P,X,X,X,X,X,C,X,X,X,C,X,X,X,R,P,X,X,R,P,R,X,X,X,R,X,C,P,X,R,P,X,X,C,X,X,X,X,X,29,23,20,72
146,147,147,X,X,R,X,R,X,R,X,X,C,X,X,C,X,X,X,X,X,X,X,X,X,X,X,X,R,X,X,P,X,C,X,X,X,R,X,P,X,C,P,X,X,C,X,X,C,R,X,X,X,X,C,C,C,X,X,X,C,X,X,X,X,X,X,R,X,X,X,X,X,C,X,X,X,X,X,P,C,C,X,X,C,X,X,X,C,X,X,X,X,P,X,X,X,C,X,X,C,X,X,X,C,C,X,X,X,X,X,X,X,X,R,X,X,C,X,X,C,X,X,P,X,X,X,X,X,X,X,X,X,X,R,X,C,X,X,C,X,X,X,C,X,X,X,X,X,X,X,X,X,P,X,X,C,X,X,X,R,X,X,X,X,X,P,X,X,X,X,X,25,10,8,43
147,148,148,X,X,P,C,P,X,P,X,P,C,X,X,C,X,X,X,R,R,C,X,X,P,X,X,P,X,X,X,P,P,X,X,X,X,R,X,X,X,P,X,X,X,C,X,X,X,P,X,X,X,X,P,X,X,X,P,P,C,X,X,X,X,X,X,C,X,X,X,X,P,R,X,X,X,X,X,X,C,C,P,X,X,X,X,X,X,X,X,X,X,P,X,X,C,C,X,X,X,R,X,X,R,R,X,X,X,P,X,X,X,X,X,X,P,X,X,X,P,X,X,R,X,X,X,P,X,P,X,R,X,X,X,X,P,X,X,C,X,X,X,R,X,X,X,X,X,X,X,X,X,P,X,X,X,R,X,X,P,X,R,X,X,X,P,X,X,X,X,X,12,12,25,49
148,149,149,X,X,X,C,R,X,C,X,X,C,R,X,C,X,X,X,R,R,R,X,X,C,P,X,C,P,X,X,X,R,X,P,C,X,P,X,R,C,C,X,X,X,R,X,X,X,R,X,X,R,X,R,R,P,X,R,X,C,C,X,X,X,X,X,R,X,X,X,X,R,X,X,X,X,X,X,X,R,C,C,R,R,X,X,X,X,X,X,X,X,C,X,X,R,X,X,X,R,C,X,X,R,C,X,X,X,X,X,R,X,X,X,R,X,X,X,X,P,X,X,C,X,C,X,X,X,X,X,P,P,X,X,X,X,X,X,C,X,X,P,C,X,X,X,R,X,X,X,X,R,C,X,X,X,X,X,X,R,X,R,P,X,X,R,X,X,X,X,X,21,28,10,59
149,150,150,X,X,C,R,R,X,P,X,P,C,C,X,P,X,X,X,R,P,C,X,R,R,C,X,R,R,X,X,R,P,X,R,P,X,X,X,P,X,P,X,X,X,R,X,X,X,C,X,X,R,R,R,R,P,X,P,R,C,C,X,X,X,X,P,R,X,X,X,R,R,P,R,X,X,X,X,X,R,P,R,P,C,X,X,X,X,X,X,X,X,X,X,X,C,X,X,X,R,P,X,X,P,C,X,X,C,X,C,P,X,X,X,R,X,C,X,X,P,X,C,R,X,R,X,X,X,X,C,R,X,P,X,X,P,X,X,P,X,X,X,R,X,X,X,R,X,X,X,R,X,R,X,X,X,X,X,X,R,X,C,P,X,X,R,X,X,X,X,X,17,32,22,71
150,151,151,X,X,R,P,X,X,X,X,X,R,P,X,P,X,X,X,X,X,X,C,X,X,X,X,X,X,X,X,X,X,X,X,X,X,X,X,X,X,X,C,X,X,P,X,X,X,R,X,X,X,X,C,X,X,X,X,X,C,X,X,X,X,X,X,P,X,X,X,X,X,R,X,X,X,X,X,X,R,X,R,X,X,C,R,X,X,X,X,X,X,P,R,X,X,P,X,X,X,X,X,X,R,X,X,X,X,X,X,X,X,X,X,X,X,P,X,X,X,X,X,R,X,X,X,X,X,X,R,X,P,X,C,X,C,X,X,R,X,X,R,P,X,X,X,C,X,R,X,X,X,P,X,X,X,R,X,X,X,X,C,P,X,X,X,X,X,X,X,X,9,15,12,36
151,152,152,X,X,C,P,R,X,C,X,X,P,X,P,X,X,P,X,X,X,R,X,X,P,X,X,P,X,X,X,R,P,C,X,P,X,R,X,X,X,R,X,X,X,R,X,X,C,C,X,X,X,X,R,P,R,X,R,X,C,R,X,P,X,X,X,R,X,X,X,X,X,R,X,X,C,X,X,X,R,X,R,X,X,X,X,X,C,X,X,X,X,C,X,X,R,C,X,X,C,R,X,X,C,P,X,X,X,X,C,X,X,X,C,C,X,X,X,X,X,X,R,R,C,X,X,X,X,X,X,R,X,C,C,X,C,X,X,R,X,R,X,R,X,X,X,X,X,X,X,X,X,R,X,X,X,R,X,X,R,X,R,P,C,X,P,X,X,X,X,X,20,26,13,59
152,153,153,X,X,X,X,X,X,X,X,X,R,X,X,C,X,X,X,X,X,X,X,X,X,X,X,X,X,X,X,P,R,C,X,X,X,X,X,X,X,X,X,X,X,P,X,X,C,C,X,X,X,X,X,X,X,X,X,X,P,X,X,X,X,X,X,R,X,X,X,C,X,C,X,X,X,X,X,X,P,X,X,X,R,X,X,X,C,X,X,X,X,P,R,X,X,C,X,X,X,P,X,X,X,X,X,X,X,X,X,X,X,X,C,X,X,X,X,X,X,X,X,R,X,X,R,X,X,X,X,X,X,X,X,X,X,X,X,R,X,C,R,X,X,X,X,X,X,X,X,X,X,R,X,X,X,R,X,X,X,X,R,X,X,X,X,X,X,X,X,C,11,12,6,29
153,154,154,X,X,X,X,X,X,X,X,X,C,X,X,X,X,X,X,X,X,X,X,X,X,X,X,X,X,X,X,P,X,X,X,X,X,X,X,X,X,X,X,X,X,C,X,X,X,P,X,X,X,X,X,X,X,X,X,X,X,X,X,X,X,X,X,P,X,X,X,X,X,X,X,X,X,X,X,X,P,C,X,X,X,X,X,X,X,X,X,X,X,X,X,X,P,C,X,X,X,X,X,X,X,X,X,X,X,X,X,X,X,X,C,X,X,X,X,X,X,X,X,R,X,X,X,X,X,X,X,X,X,X,X,X,X,X,X,C,X,X,X,X,X,X,X,X,X,X,X,X,X,X,X,X,X,X,X,X,X,X,P,X,X,X,X,X,X,X,X,X,6,1,6,13
154,155,155,X,X,X,X,P,X,X,X,X,C,X,X,P,X,X,X,X,P,X,X,X,X,X,X,X,X,X,X,P,R,X,X,X,X,X,X,X,X,X,X,X,X,C,P,X,X,R,X,X,X,X,C,X,X,X,X,X,C,X,X,X,X,X,X,C,X,X,X,X,X,X,X,X,X,X,X,X,C,C,X,X,X,X,R,X,X,X,X,X,X,C,P,X,C,C,X,X,X,R,X,X,P,X,X,X,X,X,X,X,X,X,X,X,X,X,X,X,X,X,X,C,R,X,X,X,R,X,X,X,X,X,X,X,X,X,X,C,R,X,X,X,X,X,X,X,X,X,X,X,X,X,X,X,X,R,X,X,X,X,R,X,X,X,R,X,X,X,X,X,12,10,7,29
155,156,156,X,X,R,X,X,X,X,C,X,X,X,C,C,X,X,X,X,X,X,X,X,X,X,X,X,X,X,X,X,C,C,X,X,X,X,X,X,X,X,X,X,X,C,X,X,X,C,X,X,X,X,X,X,X,X,X,X,X,X,X,C,X,X,X,C,C,X,X,X,X,X,X,X,C,X,X,R,X,X,X,X,X,X,X,X,C,X,X,X,X,C,X,X,X,C,X,X,X,X,X,X,X,X,X,X,X,X,C,X,X,X,C,X,X,X,X,X,X,X,X,C,X,X,X,X,R,X,X,X,X,X,X,X,X,X,X,C,X,C,X,X,X,X,X,X,X,X,X,X,X,X,X,X,X,R,X,X,X,X,R,X,X,X,X,X,X,X,X,X,19,5,0,24
156,157,157,X,X,C,C,R,X,X,X,X,C,X,X,P,X,R,X,X,X,R,X,X,C,X,X,X,X,X,X,P,R,X,X,R,X,X,X,R,P,R,X,X,X,C,X,X,C,R,X,X,X,X,C,X,X,X,R,X,C,X,X,C,X,X,X,R,X,X,X,X,P,R,X,X,X,X,X,X,R,R,R,X,R,X,X,X,C,X,X,X,X,C,X,X,R,C,X,X,R,R,X,X,C,P,X,X,X,X,C,X,X,X,X,R,X,X,X,X,X,X,X,R,R,X,R,X,C,X,X,R,X,X,X,X,X,X,X,R,X,R,X,R,X,X,X,X,X,X,X,X,X,R,X,X,X,R,X,X,X,X,R,X,X,X,R,X,X,X,X,X,15,30,5,50
157,158,158,X,X,R,P,P,X,P,X,X,C,X,X,P,X,X,X,X,X,P,X,X,P,X,X,X,X,X,X,X,P,X,X,X,X,C,X,X,X,X,X,X,X,C,X,X,X,R,X,X,X,X,X,X,X,X,P,X,C,X,X,R,X,X,X,R,X,X,X,X,X,R,X,X,X,X,X,P,C,P,X,X,C,P,X,X,X,X,X,X,X,R,X,X,C,C,X,X,R,X,X,X,P,X,X,X,X,X,X,X,X,X,C,X,X,X,X,X,X,X,X,R,X,X,X,X,X,X,X,X,X,X,C,X,C,X,X,R,X,R,X,P,X,X,X,X,X,X,X,X,X,X,X,X,X,X,X,X,X,X,R,X,X,X,X,X,X,X,X,X,11,11,13,35
158,159,159,X,X,X,X,X,X,X,X,X,R,X,X,P,X,X,X,X,X,X,X,X,X,X,X,X,X,X,X,P,X,X,X,X,X,X,X,X,X,X,X,X,X,C,X,X,X,R,X,X,X,X,X,X,X,X,X,X,P,X,X,X,X,X,X,R,X,X,X,X,X,C,X,X,X,X,X,P,R,X,X,X,X,X,X,X,X,X,X,X,X,X,X,X,R,X,X,X,X,X,X,X,X,X,X,X,X,X,X,X,X,X,X,X,X,X,X,X,X,X,X,C,X,X,X,X,X,X,X,X,X,X,C,X,C,X,X,R,X,X,X,X,X,X,X,X,X,X,X,X,X,X,X,X,X,P,X,X,X,X,R,X,X,X,X,X,X,X,X,X,5,7,5,17
159,160,160,X,X,C,P,X,X,P,X,X,C,X,X,P,X,P,X,X,X,X,X,X,P,X,X,X,X,X,X,X,X,C,X,R,X,X,X,X,X,X,X,X,X,R,P,X,X,R,X,X,X,X,X,X,X,X,X,X,C,X,X,C,X,X,X,R,C,X,X,X,X,X,X,X,C,X,X,X,R,X,X,X,X,X,X,X,X,X,X,X,X,X,X,X,P,C,X,X,X,P,X,R,P,X,X,X,X,X,X,X,X,X,X,X,X,X,X,X,X,X,X,C,C,X,X,X,X,X,X,P,R,X,X,X,X,X,X,R,X,X,X,X,X,X,X,X,X,X,X,X,X,X,X,X,X,X,X,P,X,X,X,X,X,X,P,X,C,X,X,X,11,8,12,31
160,161,161,X,X,X,X,X,X,X,X,X,X,P,C,X,X,C,X,X,X,X,X,X,X,X,X,X,X,X,X,X,X,X,X,R,X,X,X,X,X,X,X,X,C,X,X,X,X,X,X,X,X,X,X,X,X,X,X,X,X,X,X,X,X,X,X,X,X,X,X,X,X,X,X,X,X,X,X,X,X,X,R,X,X,X,X,X,X,X,X,X,X,X,X,X,X,X,X,X,X,X,X,X,X,X,X,X,X,X,X,X,X,X,X,X,X,X,X,X,X,X,X,X,R,X,X,X,X,X,X,X,X,X,X,X,X,X,X,X,X,X,X,C,X,X,X,X,X,X,X,X,X,X,X,X,X,X,X,X,X,X,X,X,X,X,X,X,X,X,X,X,4,3,1,8
161,162,163,X,X,X,P,X,X,X,X,X,R,X,X,P,X,X,X,X,X,X,X,X,X,X,X,X,X,X,X,X,X,X,X,X,X,X,X,X,X,X,X,X,X,R,X,X,X,R,X,X,X,X,X,X,X,X,X,X,C,X,X,X,X,X,X,R,X,X,X,X,X,X,X,X,X,X,X,X,R,C,X,X,X,X,X,X,X,X,X,X,X,C,X,X,X,C,X,X,X,X,X,X,X,X,X,X,X,X,X,X,X,X,X,X,X,X,X,X,X,X,X,X,X,X,X,X,X,X,X,X,X,X,X,X,X,X,X,R,X,X,X,P,X,X,X,X,X,X,X,X,X,X,X,X,X,X,X,X,X,X,X,X,X,X,P,X,X,X,X,X,4,6,4,14
162,163,162,X,P,C,R,X,X,P,C,X,C,P,P,P,X,P,X,X,X,C,C,X,C,X,X,X,X,X,X,R,X,X,X,C,X,R,X,X,X,X,X,X,X,C,X,X,X,R,X,X,P,X,R,X,X,X,X,P,C,X,X,X,X,X,X,R,C,X,X,X,X,P,X,X,C,X,X,C,X,R,X,X,X,X,X,X,X,X,X,X,X,X,X,X,X,R,X,X,X,R,X,R,R,X,X,X,X,X,X,X,X,X,X,P,X,X,X,X,P,X,X,C,C,P,X,X,R,X,X,R,X,X,X,X,C,R,X,C,X,X,X,X,X,X,P,X,X,R,X,X,X,P,X,X,X,X,X,X,X,X,R,R,X,X,P,X,X,X,X,X,16,17,15,48
163,164,165,X,X,X,P,X,X,R,X,X,R,P,R,X,X,X,X,X,X,X,X,X,X,X,X,X,X,X,X,X,X,X,X,R,X,X,X,X,X,X,X,X,X,R,X,X,X,R,X,X,X,X,R,X,X,X,X,X,C,X,X,X,X,X,X,R,X,X,X,X,X,P,X,X,X,X,X,X,R,X,X,X,X,X,X,X,X,X,X,X,X,X,X,X,X,X,X,X,X,R,X,X,X,X,X,X,X,X,X,X,X,X,X,X,X,X,X,X,X,X,X,C,R,X,X,X,P,X,X,R,X,X,X,X,X,X,X,R,X,X,X,P,X,X,X,X,X,X,X,X,X,X,X,X,X,X,X,X,X,X,R,X,X,X,P,X,X,X,X,X,2,14,6,22
164,165,164,X,R,X,C,C,X,P,X,X,C,R,C,C,X,R,X,X,R,P,X,X,P,X,X,X,X,X,X,C,R,C,X,R,X,X,X,X,X,X,X,X,C,C,X,X,X,C,X,X,X,X,C,X,X,X,X,X,C,P,X,X,X,X,C,C,X,X,X,X,X,P,X,X,X,X,X,X,C,X,P,X,R,X,X,X,X,X,X,X,X,C,X,X,C,X,X,X,X,R,X,C,C,X,X,X,X,X,X,X,X,X,X,X,X,X,X,X,X,X,X,C,C,X,X,X,C,X,X,C,C,X,X,X,X,X,X,C,X,X,X,C,X,X,C,X,X,R,X,X,X,R,X,X,X,P,X,C,X,X,C,X,X,X,P,X,X,X,X,X,29,10,8,47
